Cycle start time,Cycle end time,Cycle timezone,Workout start time,Workout end time,Duration (min),Activity name,Activity Strain,Energy burned (cal),Max HR (bpm),Average HR (bpm),HR Zone 1 %,HR Zone 2 %,HR Zone 3 %,HR Zone 4 %,HR Zone 5 %,GPS enabled,Distance (meters),Altitude gain (meters),Altitude change (meters)
2025-03-22 22:07:56,2025-03-23 22:43:34,UTC-07:00,2025-03-23 15:55:30,2025-03-23 16:20:59,25,Powerlifting,4.6,71.0,144,104,41,0,0,0,0,false,,,
2025-03-22 00:09:10,2025-03-22 22:07:56,UTC-07:00,2025-03-22 14:34:30,2025-03-22 15:44:59,70,Walking,9.9,533.0,155,130,86,6,0,0,0,false,,,
2025-03-22 00:09:10,2025-03-22 22:07:56,UTC-07:00,2025-03-22 11:10:30,2025-03-22 11:38:59,28,Activity,5.3,124.0,151,114,67,1,0,0,0,false,,,
2025-03-16 23:27:40,2025-03-17 23:08:57,UTC-07:00,2025-03-17 17:48:00,2025-03-17 18:22:29,34,Activity,6.0,179.0,169,118,65,5,1,0,0,false,,,
2025-03-15 23:43:25,2025-03-16 23:27:40,UTC-07:00,2025-03-16 14:04:30,2025-03-16 14:59:59,55,Activity,8.2,375.0,161,126,87,5,0,0,0,false,,,
2025-03-15 23:43:25,2025-03-16 23:27:40,UTC-07:00,2025-03-16 12:48:00,2025-03-16 13:26:59,38,Running,11.0,400.0,188,142,23,17,38,7,0,false,,,
2025-02-25 23:50:29,2025-02-27 01:25:16,UTC-07:00,2025-02-26 22:10:30,2025-02-26 22:47:59,37,Commuting,12.8,516.0,195,160,5,19,47,28,1,false,,,
2025-02-25 02:20:19,2025-02-25 23:50:29,UTC-07:00,2025-02-25 17:19:30,2025-02-25 17:58:29,38,Activity,12.6,500.0,201,155,12,27,33,24,2,false,,,
2025-02-25 02:20:19,2025-02-25 23:50:29,UTC-07:00,2025-02-25 13:00:00,2025-02-25 13:58:29,58,Activity,10.6,515.0,178,137,63,25,10,1,0,false,,,
2025-02-25 02:20:19,2025-02-25 23:50:29,UTC-07:00,2025-02-25 12:04:30,2025-02-25 12:47:55,43,Activity,13.5,564.0,196,156,14,19,31,25,7,false,,,
2025-02-23 01:02:51,2025-02-23 23:50:29,UTC-07:00,2025-02-23 17:30:00,2025-02-23 18:17:59,47,Hiking,6.8,253.0,155,119,72,6,0,0,0,false,,,
2025-02-23 01:02:51,2025-02-23 23:50:29,UTC-07:00,2025-02-23 14:03:00,2025-02-23 14:19:29,16,Hiking,5.1,99.0,147,123,91,0,0,0,0,false,,,
2025-02-23 01:02:51,2025-02-23 23:50:29,UTC-07:00,2025-02-23 11:58:30,2025-02-23 13:02:59,64,Hiking,6.3,225.0,148,110,49,0,0,0,0,false,,,
2025-02-20 00:07:45,2025-02-21 00:45:16,UTC-07:00,2025-02-20 20:24:00,2025-02-20 20:56:59,32,Activity,6.2,191.0,157,121,72,9,0,0,0,false,,,
2025-02-20 00:07:45,2025-02-21 00:45:16,UTC-07:00,2025-02-20 19:49:30,2025-02-20 20:05:59,16,Activity,4.7,66.0,154,113,57,1,0,0,0,false,,,
2025-02-14 22:26:18,2025-02-15 21:55:12,UTC-08:00,2025-02-15 11:12:00,2025-02-15 11:31:29,19,Powerlifting,4.8,81.0,148,113,64,2,0,0,0,false,,,
2025-02-13 23:33:09,2025-02-14 22:26:18,UTC-08:00,2025-02-14 11:25:30,2025-02-14 11:49:29,23,Golf,4.3,49.0,154,97,28,0,0,0,0,false,,,
2025-02-12 22:22:11,2025-02-13 23:33:09,UTC-08:00,2025-02-13 20:21:00,2025-02-13 20:47:59,26,Commuting,11.2,348.0,198,155,14,14,27,37,8,false,,,
2025-02-11 22:10:21,2025-02-12 22:22:11,UTC-08:00,2025-02-12 17:00:00,2025-02-12 17:31:29,31,Powerlifting,5.9,174.0,157,120,79,7,0,0,0,false,,,
2025-02-11 00:20:37,2025-02-11 22:10:21,UTC-08:00,2025-02-11 17:43:30,2025-02-11 18:56:59,73,Activity,8.6,431.0,167,122,74,13,1,0,0,false,,,
2025-02-07 00:25:00,2025-02-07 22:33:45,UTC-08:00,2025-02-07 15:55:30,2025-02-07 16:34:29,38,Activity,10.4,402.0,195,143,29,35,22,10,2,false,,,
2025-02-06 01:35:31,2025-02-07 00:25:00,UTC-08:00,2025-02-06 18:57:00,2025-02-06 19:26:59,29,Powerlifting,5.3,120.0,163,112,51,9,0,0,0,false,,,
2025-02-02 22:59:02,2025-02-03 22:11:37,UTC-08:00,2025-02-03 18:43:30,2025-02-03 18:59:59,16,Powerlifting,4.3,39.0,148,102,38,1,0,0,0,false,,,
2025-01-30 23:49:42,2025-02-01 01:48:16,UTC-08:00,2025-01-31 17:21:00,2025-01-31 18:35:59,74,Activity,7.2,302.0,160,113,55,8,0,0,0,false,,,
2025-01-26 23:08:49,2025-01-27 22:44:30,UTC-08:00,2025-01-27 18:53:59,2025-01-27 19:28:00,34,Weightlifting,5.0,103.0,153,105,38,4,0,0,0,false,,,
2025-01-25 22:25:19,2025-01-26 23:08:49,UTC-08:00,2025-01-26 17:40:56,2025-01-26 18:58:04,77,Weightlifting,9.4,491.0,166,123,71,17,1,0,0,false,,,
2025-01-24 23:17:06,2025-01-25 22:25:19,UTC-08:00,2025-01-25 14:01:30,2025-01-25 15:46:29,104,Activity,10.5,609.0,173,119,63,14,1,0,0,false,,,
2025-01-23 23:09:44,2025-01-24 23:17:06,UTC-08:00,2025-01-24 15:52:30,2025-01-24 16:41:59,49,Activity,6.5,225.0,161,113,56,5,0,0,0,false,,,
2025-01-10 21:49:50,2025-01-12 02:55:58,UTC-08:00,2025-01-11 11:56:57,2025-01-11 13:21:44,84,Weightlifting,5.6,192.0,143,99,5,0,0,0,0,false,,,
2025-01-08 21:57:58,2025-01-10 02:05:43,UTC-08:00,2025-01-09 06:54:12,2025-01-09 07:59:07,64,Weightlifting,5.3,163.0,153,95,9,2,0,0,0,false,,,
2025-01-02 01:16:12,2025-01-03 00:03:40,UTC-08:00,2025-01-02 15:12:00,2025-01-02 15:29:59,17,Activity,4.8,75.0,155,109,28,3,0,0,0,false,,,
2024-12-31 23:51:32,2025-01-02 01:16:12,UTC-08:00,2025-01-01 14:06:00,2025-01-01 15:04:29,58,Running,13.0,688.0,178,149,12,60,27,0,0,false,,,
2024-12-29 21:16:38,2024-12-31 00:39:31,UTC-08:00,2024-12-30 14:46:30,2024-12-30 15:41:59,55,Running,13.5,683.0,178,151,8,24,60,1,0,false,,,
2024-12-26 21:33:16,2024-12-27 19:24:59,UTC-08:00,2024-12-27 14:46:30,2024-12-27 15:29:59,43,Activity,5.6,157.0,141,108,10,0,0,0,0,false,,,
2024-12-26 00:44:31,2024-12-26 21:33:16,UTC-08:00,2024-12-26 15:12:00,2024-12-26 15:29:59,17,Activity,4.2,39.0,133,92,3,0,0,0,0,false,,,
2024-12-26 00:44:31,2024-12-26 21:33:16,UTC-08:00,2024-12-26 11:40:30,2024-12-26 11:55:29,14,Activity,4.5,54.0,146,108,16,1,0,0,0,false,,,
2024-12-22 22:58:37,2024-12-23 22:07:01,UTC-08:00,2024-12-23 16:07:30,2024-12-23 16:46:29,38,Running,12.6,521.0,184,156,5,25,66,4,0,false,,,
2024-12-20 23:23:53,2024-12-22 00:02:12,UTC-08:00,2024-12-21 11:39:00,2024-12-21 12:01:29,22,Activity,4.8,87.0,147,107,17,1,0,0,0,false,,,
2024-12-19 22:57:03,2024-12-20 23:23:53,UTC-08:00,2024-12-20 16:13:30,2024-12-20 16:58:29,44,Running,12.9,577.0,178,154,4,22,69,1,0,false,,,
2024-12-18 22:20:00,2024-12-19 22:57:03,UTC-08:00,2024-12-19 18:18:00,2024-12-19 18:46:29,28,Powerlifting,5.0,102.0,148,107,18,2,0,0,0,false,,,
2024-12-15 23:51:00,2024-12-16 23:40:12,UTC-08:00,2024-12-16 18:36:00,2024-12-16 19:13:29,37,Running,12.3,488.0,179,154,4,23,65,5,0,false,,,
2024-12-14 21:42:03,2024-12-15 23:51:00,UTC-08:00,2024-12-15 10:18:00,2024-12-15 10:47:59,29,Activity,4.7,81.0,148,99,12,0,0,0,0,false,,,
2024-12-13 23:22:11,2024-12-14 21:42:03,UTC-08:00,2024-12-14 10:39:00,2024-12-14 11:20:59,41,Activity,5.0,109.0,150,101,5,1,0,0,0,false,,,
2024-12-12 22:41:05,2024-12-13 23:22:11,UTC-08:00,2024-12-13 18:10:30,2024-12-13 18:44:59,34,Running,11.7,441.0,180,153,3,33,55,5,0,false,,,
2024-12-08 23:18:04,2024-12-09 21:58:39,UTC-08:00,2024-12-09 16:05:28,2024-12-09 16:39:18,33,Running,12.4,475.0,182,159,0,15,81,4,0,false,,,
2024-12-07 02:28:02,2024-12-08 03:06:28,UTC-06:00,2024-12-07 14:07:30,2024-12-07 15:07:29,59,Activity,6.8,267.0,159,111,22,4,0,0,0,false,,,
2024-12-06 02:15:30,2024-12-07 02:28:02,UTC-06:00,2024-12-06 19:27:00,2024-12-06 20:08:59,41,Running,13.0,561.0,181,156,5,24,67,2,0,false,,,
2024-12-03 01:02:57,2024-12-03 23:58:08,UTC-06:00,2024-12-03 19:36:00,2024-12-03 20:11:59,35,Running,12.0,455.0,176,152,6,27,59,2,0,false,,,
2024-12-01 23:23:59,2024-12-03 01:02:57,UTC-06:00,2024-12-02 20:28:30,2024-12-02 21:07:29,38,Activity,5.4,136.0,143,107,8,0,0,0,0,false,,,
2024-12-01 01:55:50,2024-12-01 23:23:59,UTC-06:00,2024-12-01 15:18:00,2024-12-01 16:05:59,47,Running,11.9,510.0,185,143,12,40,27,3,0,false,,,
2024-11-17 01:00:46,2024-11-17 20:43:21,UTC-08:00,2024-11-17 14:04:30,2024-11-17 14:19:29,14,Spin,4.6,63.0,162,110,19,8,0,0,0,false,,,
2024-11-11 22:16:54,2024-11-12 23:57:50,UTC-08:00,2024-11-12 11:52:30,2024-11-12 12:07:29,14,Spin,5.7,123.0,165,130,12,49,34,5,0,false,,,
2024-11-11 22:16:54,2024-11-12 23:57:50,UTC-08:00,2024-11-12 06:58:30,2024-11-12 07:20:59,22,Weightlifting,4.4,53.0,132,97,54,8,0,0,0,false,,,
2024-11-10 22:11:49,2024-11-11 22:16:54,UTC-08:00,2024-11-11 15:57:00,2024-11-11 16:31:29,34,Running,9.7,358.0,178,141,8,10,74,5,0,false,,,
2024-11-07 23:36:42,2024-11-08 22:15:39,UTC-08:00,2024-11-08 16:16:30,2024-11-08 16:59:59,43,Running,13.2,576.0,182,155,0,12,26,61,1,false,,,
2024-11-03 22:17:03,2024-11-04 23:10:00,UTC-08:00,2024-11-04 19:06:00,2024-11-04 20:19:29,73,Activity,10.3,546.0,161,125,13,48,31,0,0,false,,,
2024-11-02 00:39:25,2024-11-02 22:19:19,UTC-07:00,2024-11-02 15:22:30,2024-11-02 15:59:59,37,Running,11.7,478.0,172,153,0,2,82,16,0,false,,,
2024-10-31 23:50:20,2024-11-02 00:39:25,UTC-07:00,2024-11-01 18:04:30,2024-11-01 18:20:59,16,Activity,4.6,63.0,154,106,48,24,8,0,0,false,,,
2024-10-26 00:03:59,2024-10-26 23:47:10,UTC-07:00,2024-10-26 15:03:00,2024-10-26 15:29:59,26,Activity,4.9,88.0,146,106,54,25,3,0,0,false,,,
2024-10-24 23:51:34,2024-10-26 00:03:59,UTC-07:00,2024-10-25 17:14:55,2024-10-25 17:52:15,37,Running,12.7,514.0,177,158,0,1,38,61,0,false,,,
2024-10-23 21:46:46,2024-10-24 23:51:34,UTC-07:00,2024-10-24 18:19:30,2024-10-24 18:59:59,40,Activity,5.9,179.0,157,111,50,31,7,0,0,false,,,
2024-10-22 22:21:32,2024-10-23 21:46:46,UTC-07:00,2024-10-23 17:25:27,2024-10-23 17:57:38,32,Running,11.9,437.0,179,157,0,1,39,60,0,false,,,
2024-10-21 22:59:24,2024-10-22 22:21:32,UTC-07:00,2024-10-22 06:50:13,2024-10-22 07:47:02,56,Weightlifting,4.3,86.0,131,84,27,2,0,0,0,false,,,
2024-10-20 22:22:44,2024-10-21 22:59:24,UTC-07:00,2024-10-21 17:31:42,2024-10-21 17:59:38,27,Running,10.8,363.0,174,154,1,3,43,53,0,false,,,
2024-10-18 23:42:08,2024-10-20 00:16:07,UTC-07:00,2024-10-19 15:12:00,2024-10-19 16:11:59,59,Running,13.4,729.0,176,150,0,6,72,22,0,false,,,
2024-10-16 22:29:51,2024-10-17 23:52:10,UTC-07:00,2024-10-17 17:42:00,2024-10-17 18:16:29,34,Running,12.1,451.0,178,155,4,7,25,64,0,false,,,
2024-10-13 22:16:38,2024-10-14 23:21:01,UTC-07:00,2024-10-14 11:03:34,2024-10-14 11:35:00,31,Running,9.4,343.0,174,144,2,14,70,13,0,false,,,
2024-10-12 22:17:04,2024-10-13 22:16:38,UTC-07:00,2024-10-13 17:13:30,2024-10-13 17:55:29,41,Activity,5.6,153.0,142,108,65,26,0,0,0,false,,,
2024-10-12 00:59:47,2024-10-12 22:17:04,UTC-07:00,2024-10-12 12:43:15,2024-10-12 13:15:55,32,Running,11.1,415.0,173,153,0,3,67,30,0,false,,,
2024-10-07 22:29:58,2024-10-09 01:22:34,UTC-07:00,2024-10-08 18:04:32,2024-10-08 18:34:04,29,Running,12.1,423.0,176,161,0,1,19,80,0,false,,,
2024-10-06 23:15:59,2024-10-07 22:29:58,UTC-07:00,2024-10-07 18:30:00,2024-10-07 19:11:59,41,Activity,5.4,143.0,154,105,53,21,2,0,0,false,,,
2024-10-04 22:48:00,2024-10-06 00:50:05,UTC-07:00,2024-10-05 08:24:53,2024-10-05 13:25:52,300,Hiking,15.0,1691.0,160,117,37,45,11,0,0,false,,,
2024-10-03 23:09:56,2024-10-04 22:48:00,UTC-07:00,2024-10-04 18:31:30,2024-10-04 19:23:59,52,Activity,7.0,280.0,152,116,50,44,5,0,0,false,,,
2024-09-27 21:54:35,2024-09-28 19:56:38,UTC-07:00,2024-09-28 09:33:00,2024-09-28 10:23:59,50,Hiking,8.4,385.0,158,128,10,74,16,0,0,false,,,
2024-09-27 21:54:35,2024-09-28 19:56:38,UTC-07:00,2024-09-28 08:21:00,2024-09-28 09:17:59,56,Hiking,10.7,513.0,162,135,13,36,50,1,0,false,,,
2024-09-21 22:38:27,2024-09-22 22:18:40,UTC-07:00,2024-09-22 13:52:30,2024-09-22 14:28:29,35,Running,11.4,448.0,173,152,1,6,63,30,0,false,,,
2024-09-18 22:39:21,2024-09-20 00:32:23,UTC-07:00,2024-09-19 20:18:00,2024-09-19 21:11:59,53,Walking,7.2,287.0,151,116,36,42,11,0,0,false,,,
2024-09-17 23:15:04,2024-09-18 22:39:21,UTC-07:00,2024-09-18 18:15:00,2024-09-18 19:13:29,58,Activity,9.6,467.0,153,130,13,58,28,0,0,false,,,
2024-09-16 22:41:03,2024-09-17 23:15:04,UTC-07:00,2024-09-17 18:09:00,2024-09-17 18:38:59,29,Running,10.7,384.0,173,154,0,4,75,21,0,false,,,
2024-09-10 22:05:23,2024-09-12 00:10:52,UTC-07:00,2024-09-11 19:18:00,2024-09-11 20:01:29,43,Spin,8.5,333.0,169,127,15,40,35,3,0,false,,,
2024-09-09 22:08:53,2024-09-10 22:05:23,UTC-07:00,2024-09-10 18:39:00,2024-09-10 19:02:59,23,Running,8.9,275.0,175,147,5,15,51,29,0,false,,,
2024-09-08 22:29:17,2024-09-09 22:08:53,UTC-07:00,2024-09-09 18:17:58,2024-09-09 19:01:58,44,Strength Trainer,7.6,67.0,145,91,30,3,0,0,0,false,,,
2024-09-06 21:37:41,2024-09-07 21:37:41,UTC-07:00,2024-09-07 20:12:00,2024-09-07 20:40:29,28,Activity,5.5,140.0,162,115,53,40,4,0,0,false,,,
2024-09-05 23:20:39,2024-09-06 21:37:41,UTC-07:00,2024-09-06 11:30:00,2024-09-06 13:10:29,100,Hiking,10.3,616.0,154,122,28,57,12,0,0,false,,,
2024-09-05 23:20:39,2024-09-06 21:37:41,UTC-07:00,2024-09-06 10:27:00,2024-09-06 11:10:29,43,Activity,8.2,334.0,159,129,18,48,33,0,0,false,,,
2024-09-05 23:20:39,2024-09-06 21:37:41,UTC-07:00,2024-09-06 09:04:30,2024-09-06 10:07:29,62,Hiking,8.5,395.0,159,122,37,49,14,0,0,false,,,
2024-08-31 01:50:24,2024-08-31 22:38:59,UTC-07:00,2024-08-31 17:58:30,2024-08-31 19:14:59,76,Activity,8.6,430.0,154,119,42,49,9,0,0,false,,,
2024-08-24 22:17:49,2024-08-25 23:40:46,UTC-07:00,2024-08-25 11:12:00,2024-08-25 15:05:59,233,Activity,14.1,1356.0,157,119,35,44,13,0,0,false,,,
2024-08-23 22:57:45,2024-08-24 22:17:49,UTC-07:00,2024-08-24 17:37:30,2024-08-24 18:32:59,55,Activity,5.3,151.0,142,101,47,17,0,0,0,false,,,
2024-08-21 23:22:26,2024-08-22 23:27:31,UTC-07:00,2024-08-22 18:42:00,2024-08-22 19:44:59,62,Activity,5.3,156.0,145,99,40,14,0,0,0,false,,,
2024-08-18 22:57:53,2024-08-19 22:50:36,UTC-07:00,2024-08-19 17:48:57,2024-08-19 18:22:47,33,Strength Trainer,8.9,65.0,142,95,38,3,0,0,0,false,,,
2024-08-17 23:24:31,2024-08-18 22:57:53,UTC-07:00,2024-08-18 15:51:00,2024-08-18 16:37:29,46,Activity,5.2,129.0,145,100,47,19,0,0,0,false,,,
2024-08-16 23:59:28,2024-08-17 23:24:31,UTC-07:00,2024-08-17 19:01:22,2024-08-17 20:04:37,63,Strength Trainer,12.7,149.0,156,97,34,10,2,0,0,false,,,
2024-08-15 23:13:33,2024-08-16 23:59:28,UTC-07:00,2024-08-16 18:32:51,2024-08-16 19:23:39,50,Running,12.9,630.0,171,151,0,4,75,21,0,false,,,
2024-08-14 22:38:06,2024-08-15 23:13:33,UTC-07:00,2024-08-15 18:45:00,2024-08-15 19:11:59,26,Activity,4.2,47.0,136,89,29,8,0,0,0,false,,,
2024-08-09 01:50:52,2024-08-10 04:00:33,UTC-07:00,2024-08-09 12:55:59,2024-08-09 18:11:53,315,Hiking,14.9,1681.0,155,116,35,47,7,0,0,false,,,
2024-08-06 22:54:54,2024-08-07 23:46:12,UTC-07:00,2024-08-07 17:50:20,2024-08-07 18:38:34,48,Strength Trainer,13.9,206.0,154,110,52,29,6,0,0,false,,,
2024-08-05 22:57:50,2024-08-06 22:54:54,UTC-07:00,2024-08-06 17:58:20,2024-08-06 19:05:41,67,Cycling,12.3,674.0,169,139,4,28,64,4,0,false,,,
2024-08-04 23:07:09,2024-08-05 22:57:50,UTC-07:00,2024-08-05 18:53:43,2024-08-05 19:13:46,20,Cycling,6.7,185.0,157,135,12,15,71,0,0,false,,,
2024-08-04 23:07:09,2024-08-05 22:57:50,UTC-07:00,2024-08-05 17:48:53,2024-08-05 18:39:15,50,Strength Trainer,9.8,88.0,144,93,34,4,0,0,0,false,,,
2024-08-04 23:07:09,2024-08-05 22:57:50,UTC-07:00,2024-08-05 17:20:30,2024-08-05 17:36:58,16,Cycling,5.9,144.0,157,133,3,68,29,0,0,false,,,
2024-08-03 23:28:20,2024-08-04 23:07:09,UTC-07:00,2024-08-04 10:15:56,2024-08-04 11:03:49,47,Running,13.0,610.0,180,152,0,7,61,32,0,false,,,
2024-08-03 00:28:13,2024-08-03 23:28:20,UTC-07:00,2024-08-03 10:12:00,2024-08-03 10:26:59,14,Activity,4.3,37.0,152,96,35,13,3,0,0,false,,,
2024-08-03 00:28:13,2024-08-03 23:28:20,UTC-07:00,2024-08-03 09:42:00,2024-08-03 09:56:59,14,Activity,4.2,32.0,132,94,43,8,0,0,0,false,,,
2024-08-01 22:16:46,2024-08-03 00:28:13,UTC-07:00,2024-08-02 19:30:48,2024-08-02 20:22:25,51,Strength Trainer,11.7,121.0,155,97,46,7,2,0,0,false,,,
2024-08-01 00:36:32,2024-08-01 22:16:46,UTC-07:00,2024-08-01 18:40:25,2024-08-01 19:31:53,51,Running,15.0,760.0,188,163,0,1,22,74,3,false,,,
2024-07-29 22:10:19,2024-07-30 23:13:49,UTC-07:00,2024-07-30 19:09:29,2024-07-30 19:53:02,43,Strength Trainer,13.7,90.0,147,93,32,10,0,0,0,false,,,
2024-07-28 22:28:19,2024-07-29 22:10:19,UTC-07:00,2024-07-29 17:54:57,2024-07-29 18:26:26,31,Running,10.5,388.0,170,151,0,4,80,16,0,false,,,
2024-07-27 22:48:00,2024-07-28 22:28:19,UTC-07:00,2024-07-28 13:28:17,2024-07-28 13:52:07,23,Strength Trainer,6.0,59.0,137,101,52,12,0,0,0,false,,,
2024-07-26 22:58:03,2024-07-27 22:48:00,UTC-07:00,2024-07-27 10:16:09,2024-07-27 11:10:19,54,Strength Trainer,8.0,179.0,152,105,57,20,1,0,0,false,,,
2024-07-25 23:36:53,2024-07-26 22:58:03,UTC-07:00,2024-07-26 19:01:39,2024-07-26 19:51:41,50,Running,14.4,718.0,182,161,0,0,33,67,0,false,,,
2024-07-24 23:20:26,2024-07-25 23:36:53,UTC-07:00,2024-07-25 18:59:11,2024-07-25 19:50:18,51,Strength Trainer,14.5,218.0,159,111,50,31,5,0,0,false,,,
2024-07-16 23:48:34,2024-07-17 23:10:30,UTC-07:00,2024-07-17 18:46:38,2024-07-17 19:06:28,19,Cycling,6.1,155.0,155,129,15,31,47,0,0,false,,,
2024-07-16 23:48:34,2024-07-17 23:10:30,UTC-07:00,2024-07-17 17:49:43,2024-07-17 18:31:24,41,Strength Trainer,13.3,106.0,145,100,53,14,0,0,0,false,,,
2024-07-16 23:48:34,2024-07-17 23:10:30,UTC-07:00,2024-07-17 17:14:36,2024-07-17 17:31:27,16,Cycling,6.0,152.0,154,135,2,56,42,0,0,false,,,
2024-07-16 00:27:55,2024-07-16 23:48:34,UTC-07:00,2024-07-16 18:27:35,2024-07-16 19:25:55,58,Running,13.7,726.0,178,152,0,8,65,27,0,false,,,
2024-07-14 23:20:26,2024-07-16 00:27:55,UTC-07:00,2024-07-15 18:54:46,2024-07-15 19:13:46,19,Cycling,5.9,150.0,153,130,11,67,22,0,0,false,,,
2024-07-14 23:20:26,2024-07-16 00:27:55,UTC-07:00,2024-07-15 18:04:09,2024-07-15 18:47:40,43,Strength Trainer,10.9,112.0,156,102,54,14,1,0,0,false,,,
2024-07-14 23:20:26,2024-07-16 00:27:55,UTC-07:00,2024-07-15 17:31:47,2024-07-15 17:49:02,17,Cycling,5.3,114.0,148,124,28,63,9,0,0,false,,,
2024-07-13 23:48:30,2024-07-14 23:20:26,UTC-07:00,2024-07-14 14:42:00,2024-07-14 15:28:29,46,Activity,10.4,465.0,172,140,4,27,62,7,0,false,,,
2024-07-11 23:09:32,2024-07-13 00:28:30,UTC-07:00,2024-07-12 19:10:30,2024-07-12 19:26:59,16,Activity,4.3,45.0,152,101,35,23,3,0,0,false,,,
2024-07-11 23:09:32,2024-07-13 00:28:30,UTC-07:00,2024-07-12 16:55:04,2024-07-12 17:38:34,43,Strength Trainer,4.6,93.0,152,93,22,11,1,0,0,false,,,
2024-07-10 23:31:02,2024-07-11 23:09:32,UTC-07:00,2024-07-11 19:30:34,2024-07-11 20:01:11,30,Running,11.3,405.0,177,156,0,2,55,43,0,false,,,
2024-07-09 23:07:00,2024-07-10 23:31:02,UTC-07:00,2024-07-10 18:59:27,2024-07-10 19:18:40,19,Cycling,5.4,124.0,149,124,28,64,8,0,0,false,,,
2024-07-09 23:07:00,2024-07-10 23:31:02,UTC-07:00,2024-07-10 18:01:32,2024-07-10 18:48:19,46,Strength Trainer,13.0,88.0,157,96,34,11,1,0,0,false,,,
2024-07-09 23:07:00,2024-07-10 23:31:02,UTC-07:00,2024-07-10 17:34:12,2024-07-10 17:51:33,17,Cycling,5.8,140.0,154,132,3,64,32,0,0,false,,,
2024-07-08 23:09:57,2024-07-09 23:07:00,UTC-07:00,2024-07-09 19:32:14,2024-07-09 20:26:35,54,Running,13.2,670.0,174,152,0,4,70,26,0,false,,,
2024-07-04 00:39:47,2024-07-04 23:41:21,UTC-07:00,2024-07-04 11:26:04,2024-07-04 13:02:30,96,Hiking,8.9,494.0,144,118,37,62,0,0,0,false,,,
2024-07-04 00:39:47,2024-07-04 23:41:21,UTC-07:00,2024-07-04 08:43:45,2024-07-04 10:55:53,132,Hiking,11.0,708.0,160,119,41,45,12,0,0,false,,,
2024-07-02 23:31:17,2024-07-04 00:39:47,UTC-07:00,2024-07-03 17:20:27,2024-07-03 18:11:00,50,Strength Trainer,13.5,85.0,145,91,31,8,0,0,0,false,,,
2024-07-01 23:18:26,2024-07-02 23:31:17,UTC-07:00,2024-07-02 16:19:30,2024-07-02 18:16:29,116,Cycling,13.4,992.0,167,134,10,38,52,0,0,false,,,
2024-06-30 23:32:07,2024-07-01 23:18:26,UTC-07:00,2024-07-01 17:36:00,2024-07-01 17:56:59,20,Cycling,6.8,196.0,161,138,6,28,66,0,0,false,,,
2024-06-30 23:32:07,2024-07-01 23:18:26,UTC-07:00,2024-07-01 16:47:57,2024-07-01 17:27:18,39,Strength Trainer,9.8,75.0,150,93,35,7,0,0,0,false,,,
2024-06-30 00:23:35,2024-06-30 23:32:07,UTC-07:00,2024-06-30 14:57:00,2024-06-30 15:31:29,34,Running,10.7,410.0,175,150,0,4,78,17,0,false,,,
2024-06-27 22:12:45,2024-06-28 23:04:26,UTC-07:00,2024-06-28 17:48:00,2024-06-28 20:10:29,142,Cycling,14.5,1293.0,163,136,4,45,51,0,0,false,,,
2024-06-26 21:54:42,2024-06-27 22:12:45,UTC-07:00,2024-06-27 17:42:00,2024-06-27 18:35:59,53,Running,13.8,694.0,182,154,4,4,52,40,0,false,,,
2024-06-25 23:55:05,2024-06-26 21:54:42,UTC-07:00,2024-06-26 18:24:00,2024-06-26 18:46:29,22,Cycling,7.2,214.0,158,137,7,27,66,0,0,false,,,
2024-06-25 23:55:05,2024-06-26 21:54:42,UTC-07:00,2024-06-26 17:21:16,2024-06-26 17:50:23,29,Strength Trainer,6.1,55.0,135,97,40,8,0,0,0,false,,,
2024-06-24 22:10:35,2024-06-25 23:55:05,UTC-07:00,2024-06-25 17:40:30,2024-06-25 18:31:29,50,Running,13.3,644.0,181,152,2,7,58,32,0,false,,,
2024-06-24 00:07:25,2024-06-24 22:10:35,UTC-07:00,2024-06-24 18:25:30,2024-06-24 18:44:59,19,Cycling,6.4,175.0,154,134,10,46,44,0,0,false,,,
2024-06-24 00:07:25,2024-06-24 22:10:35,UTC-07:00,2024-06-24 17:24:47,2024-06-24 18:17:32,52,Strength Trainer,11.6,99.0,147,90,26,6,0,0,0,false,,,
2024-06-21 23:55:36,2024-06-23 00:10:44,UTC-07:00,2024-06-22 13:42:00,2024-06-22 14:38:59,56,Running,14.1,753.0,186,155,1,4,55,40,0,false,,,
2024-06-20 18:44:47,2024-06-21 23:55:36,UTC-07:00,2024-06-21 14:46:30,2024-06-21 17:11:59,145,Cycling,15.6,1462.0,168,139,3,30,65,2,0,false,,,
2024-06-20 00:00:00,2024-06-20 18:44:47,UTC-07:00,2024-06-20 13:43:30,2024-06-20 15:11:59,88,Yard Work/Gardening,10.3,620.0,151,124,18,77,5,0,0,false,,,
2024-06-04 23:19:24,2024-06-06 00:35:51,UTC-07:00,2024-06-05 14:34:30,2024-06-05 15:37:29,62,Activity,9.1,466.0,151,130,4,82,14,0,0,false,,,
2024-06-04 23:19:24,2024-06-06 00:35:51,UTC-07:00,2024-06-05 13:29:44,2024-06-05 14:08:17,38,Cycling,7.5,295.0,151,131,5,71,24,0,0,false,,,
2024-06-04 23:19:24,2024-06-06 00:35:51,UTC-07:00,2024-06-05 11:13:57,2024-06-05 12:29:28,75,Strength Trainer,13.9,127.0,141,92,34,4,0,0,0,false,,,
2024-06-04 23:19:24,2024-06-06 00:35:51,UTC-07:00,2024-06-05 10:32:13,2024-06-05 10:49:04,16,Cycling,5.3,109.0,153,125,27,56,16,0,0,false,,,
2024-06-03 23:33:13,2024-06-04 23:19:24,UTC-07:00,2024-06-04 17:17:50,2024-06-04 18:09:06,51,Running,12.8,614.0,177,151,0,10,58,32,0,false,,,
2024-06-03 00:22:27,2024-06-03 23:33:13,UTC-07:00,2024-06-03 14:50:59,2024-06-03 16:21:53,90,Strength Trainer,4.7,144.0,149,93,33,6,0,0,0,false,,,
2024-06-01 00:08:55,2024-06-01 23:36:23,UTC-07:00,2024-06-01 12:56:55,2024-06-01 13:49:06,52,Running,11.9,579.0,170,147,0,10,81,9,0,false,,,
2024-06-01 00:08:55,2024-06-01 23:36:23,UTC-07:00,2024-06-01 11:38:47,2024-06-01 11:52:29,13,Running,5.1,85.0,165,121,19,42,27,1,0,false,,,
2024-05-30 23:09:21,2024-06-01 00:08:55,UTC-07:00,2024-05-31 17:19:24,2024-05-31 17:38:28,19,Cycling,7.2,204.0,169,145,0,14,81,5,0,false,,,
2024-05-30 23:09:21,2024-06-01 00:08:55,UTC-07:00,2024-05-31 16:14:30,2024-05-31 17:15:17,60,Strength Trainer,12.7,146.0,148,95,22,17,1,0,0,false,,,
2024-05-30 23:09:21,2024-06-01 00:08:55,UTC-07:00,2024-05-31 15:46:52,2024-05-31 16:06:07,19,Cycling,5.7,148.0,150,131,3,80,17,0,0,false,,,
2024-05-29 22:19:45,2024-05-30 23:09:21,UTC-07:00,2024-05-30 18:17:49,2024-05-30 19:12:15,54,Running,11.9,586.0,170,145,1,20,69,10,0,false,,,
2024-05-28 22:30:43,2024-05-29 22:19:45,UTC-07:00,2024-05-29 18:04:46,2024-05-29 18:24:50,20,Cycling,6.3,176.0,157,136,4,46,50,0,0,false,,,
2024-05-28 22:30:43,2024-05-29 22:19:45,UTC-07:00,2024-05-29 16:25:39,2024-05-29 17:54:37,88,Strength Trainer,12.9,176.0,140,99,55,10,0,0,0,false,,,
2024-05-28 22:30:43,2024-05-29 22:19:45,UTC-07:00,2024-05-29 15:35:30,2024-05-29 15:53:44,18,Cycling,6.5,172.0,164,139,5,32,62,1,0,false,,,
2024-05-27 23:16:27,2024-05-28 22:30:43,UTC-07:00,2024-05-28 15:13:45,2024-05-28 16:03:54,50,Running,13.0,626.0,179,154,2,4,57,37,0,false,,,
2024-05-26 23:37:39,2024-05-27 23:16:27,UTC-07:00,2024-05-27 12:15:24,2024-05-27 12:34:58,19,Cycling,6.0,153.0,156,132,22,28,50,0,0,false,,,
2024-05-26 23:37:39,2024-05-27 23:16:27,UTC-07:00,2024-05-27 10:30:56,2024-05-27 12:08:35,97,Strength Trainer,12.7,147.0,131,89,23,2,0,0,0,false,,,
2024-05-26 23:37:39,2024-05-27 23:16:27,UTC-07:00,2024-05-27 09:59:26,2024-05-27 10:18:22,18,Cycling,5.4,124.0,146,126,17,78,5,0,0,false,,,
2024-05-25 23:18:11,2024-05-26 23:37:39,UTC-07:00,2024-05-26 11:18:44,2024-05-26 12:13:58,55,Running,11.1,551.0,172,142,1,21,74,4,0,false,,,
2024-05-22 23:08:46,2024-05-23 23:02:15,UTC-07:00,2024-05-23 14:20:32,2024-05-23 14:52:01,31,Running,9.9,363.0,167,149,1,9,81,9,0,false,,,
2024-05-21 22:50:07,2024-05-22 23:08:46,UTC-07:00,2024-05-22 15:31:16,2024-05-22 15:50:49,19,Cycling,6.3,165.0,158,134,8,17,70,0,0,false,,,
2024-05-21 22:50:07,2024-05-22 23:08:46,UTC-07:00,2024-05-22 13:52:02,2024-05-22 15:06:15,74,Strength Trainer,12.8,113.0,129,96,46,2,0,0,0,false,,,
2024-05-21 22:50:07,2024-05-22 23:08:46,UTC-07:00,2024-05-22 13:04:46,2024-05-22 13:29:06,24,Cycling,5.3,117.0,151,116,26,45,11,0,0,false,,,
2024-05-19 23:04:59,2024-05-20 22:14:59,UTC-07:00,2024-05-20 17:37:46,2024-05-20 17:57:29,19,Cycling,6.2,169.0,152,136,0,53,47,0,0,false,,,
2024-05-19 23:04:59,2024-05-20 22:14:59,UTC-07:00,2024-05-20 16:34:44,2024-05-20 17:33:15,58,Strength Trainer,12.5,94.0,145,89,27,7,0,0,0,false,,,
2024-05-19 23:04:59,2024-05-20 22:14:59,UTC-07:00,2024-05-20 16:05:37,2024-05-20 16:23:38,18,Cycling,5.3,114.0,149,125,21,70,9,0,0,false,,,
2024-05-16 22:56:17,2024-05-18 00:05:03,UTC-07:00,2024-05-17 15:10:30,2024-05-17 15:29:59,19,Cycling,6.6,182.0,159,139,1,29,70,0,0,false,,,
2024-05-16 22:56:17,2024-05-18 00:05:03,UTC-07:00,2024-05-17 13:43:03,2024-05-17 14:58:28,75,Strength Trainer,12.7,143.0,135,99,61,4,0,0,0,false,,,
2024-05-15 22:53:04,2024-05-16 22:56:17,UTC-07:00,2024-05-16 17:08:11,2024-05-16 17:27:11,19,Cycling,5.7,142.0,150,130,12,58,30,0,0,false,,,
2024-05-15 22:53:04,2024-05-16 22:56:17,UTC-07:00,2024-05-16 15:31:20,2024-05-16 16:49:21,78,Strength Trainer,12.6,163.0,145,100,53,13,0,0,0,false,,,
2024-05-15 22:53:04,2024-05-16 22:56:17,UTC-07:00,2024-05-16 15:06:59,2024-05-16 15:23:25,16,Cycling,5.8,143.0,148,136,0,64,36,0,0,false,,,
2024-05-13 21:43:24,2024-05-14 22:07:14,UTC-07:00,2024-05-14 15:37:19,2024-05-14 16:06:09,28,Running,9.3,329.0,176,149,1,9,83,7,0,false,,,
2024-05-12 22:22:21,2024-05-13 21:43:24,UTC-07:00,2024-05-13 16:56:47,2024-05-13 17:17:45,20,Cycling,6.0,163.0,154,131,10,53,35,0,0,false,,,
2024-05-12 22:22:21,2024-05-13 21:43:24,UTC-07:00,2024-05-13 15:39:29,2024-05-13 16:51:57,72,Strength Trainer,12.1,120.0,132,94,38,4,0,0,0,false,,,
2024-05-12 22:22:21,2024-05-13 21:43:24,UTC-07:00,2024-05-13 15:17:03,2024-05-13 15:32:54,15,Cycling,5.5,120.0,150,131,16,44,40,0,0,false,,,
2024-05-10 23:17:07,2024-05-11 22:07:18,UTC-07:00,2024-05-11 07:15:21,2024-05-11 11:56:38,281,Hiking,13.6,1375.0,157,114,22,50,6,0,0,false,,,
2024-05-09 22:44:33,2024-05-10 23:17:07,UTC-07:00,2024-05-10 17:23:25,2024-05-10 17:42:05,18,Cycling,6.5,177.0,156,139,4,26,70,0,0,false,,,
2024-05-09 22:44:33,2024-05-10 23:17:07,UTC-07:00,2024-05-10 16:07:28,2024-05-10 17:16:30,69,Strength Trainer,11.8,107.0,127,85,19,1,0,0,0,false,,,
2024-05-09 22:44:33,2024-05-10 23:17:07,UTC-07:00,2024-05-10 15:43:12,2024-05-10 15:59:51,16,Cycling,5.6,124.0,150,129,24,51,25,0,0,false,,,
2024-05-08 22:29:15,2024-05-09 22:44:33,UTC-07:00,2024-05-09 18:00:36,2024-05-09 18:50:37,50,Running,11.1,528.0,165,143,0,17,81,2,0,false,,,
2024-05-07 22:05:50,2024-05-08 22:29:15,UTC-07:00,2024-05-08 18:44:22,2024-05-08 18:48:09,3,Cycling,4.5,38.0,147,141,0,16,84,0,0,false,,,
2024-05-07 22:05:50,2024-05-08 22:29:15,UTC-07:00,2024-05-08 16:34:08,2024-05-08 16:51:39,17,Cycling,6.8,176.0,164,141,10,17,68,5,0,false,,,
2024-05-06 22:25:41,2024-05-07 22:05:50,UTC-07:00,2024-05-07 17:42:18,2024-05-07 18:26:43,44,Running,11.0,490.0,167,146,0,12,79,9,0,false,,,
2024-04-29 21:46:23,2024-04-30 23:03:54,UTC-07:00,2024-04-30 17:15:36,2024-04-30 17:44:54,29,Running,11.5,399.0,181,158,0,3,38,59,0,false,,,
2024-04-28 22:31:54,2024-04-29 21:46:23,UTC-07:00,2024-04-29 19:07:31,2024-04-29 19:26:19,18,Cycling,7.3,194.0,165,142,8,13,76,1,0,false,,,
2024-04-28 22:31:54,2024-04-29 21:46:23,UTC-07:00,2024-04-29 17:04:06,2024-04-29 17:20:48,16,Cycling,6.5,170.0,154,141,0,28,72,0,0,false,,,
2024-04-18 21:51:32,2024-04-19 22:41:21,UTC-07:00,2024-04-19 19:07:30,2024-04-19 19:28:29,20,Activity,6.8,200.0,155,138,2,34,64,0,0,false,,,
2024-04-15 22:09:15,2024-04-16 21:20:00,UTC-07:00,2024-04-16 16:36:00,2024-04-16 17:07:29,31,Running,10.7,397.0,169,153,0,2,80,18,0,false,,,
2024-04-12 23:27:14,2024-04-13 21:43:50,UTC-07:00,2024-04-13 14:13:30,2024-04-13 15:31:29,77,Activity,8.3,431.0,142,119,44,56,0,0,0,false,,,
2024-04-09 21:12:56,2024-04-10 22:33:18,UTC-07:00,2024-04-10 17:30:00,2024-04-10 18:01:29,31,Running,11.8,424.0,181,158,0,8,24,68,0,false,,,
2024-04-07 22:07:43,2024-04-08 22:08:15,UTC-07:00,2024-04-08 18:27:00,2024-04-08 18:53:59,26,Weightlifting,5.1,104.0,154,108,38,20,14,0,0,false,,,
2024-04-06 23:37:37,2024-04-07 22:07:43,UTC-07:00,2024-04-07 17:46:30,2024-04-07 18:20:59,34,Running,11.7,434.0,176,153,3,5,28,61,0,false,,,
2024-04-04 22:23:14,2024-04-05 23:02:58,UTC-07:00,2024-04-05 17:24:00,2024-04-05 17:53:59,29,Running,11.1,393.0,178,156,0,6,41,53,0,false,,,
2024-04-01 20:50:44,2024-04-02 21:51:52,UTC-07:00,2024-04-02 18:27:31,2024-04-02 18:49:08,21,Cycling,5.5,131.0,148,123,31,57,12,0,0,false,,,
2024-04-01 20:50:44,2024-04-02 21:51:52,UTC-07:00,2024-04-02 17:19:03,2024-04-02 18:06:03,47,Weightlifting,5.9,172.0,151,111,53,27,7,0,0,false,,,
2024-04-01 20:50:44,2024-04-02 21:51:52,UTC-07:00,2024-04-02 16:49:40,2024-04-02 17:08:42,19,Cycling,5.5,130.0,141,127,18,78,4,0,0,false,,,
2024-03-30 00:04:43,2024-03-30 23:59:12,UTC-07:00,2024-03-30 17:22:50,2024-03-30 18:49:42,86,Cycling,10.1,568.0,150,125,16,58,20,0,0,false,,,
2024-03-30 00:04:43,2024-03-30 23:59:12,UTC-07:00,2024-03-30 13:54:23,2024-03-30 14:52:48,58,Cycling,9.7,451.0,155,130,14,25,52,0,0,false,,,
2024-03-28 21:39:47,2024-03-30 00:04:43,UTC-07:00,2024-03-29 18:34:46,2024-03-29 19:21:19,46,Weightlifting,4.7,102.0,151,97,34,7,3,0,0,false,,,
2024-03-27 21:57:06,2024-03-28 21:39:47,UTC-07:00,2024-03-28 11:59:21,2024-03-28 12:29:37,30,Running,11.3,403.0,179,158,0,1,44,55,0,false,,,
2024-03-25 22:52:56,2024-03-26 22:50:05,UTC-07:00,2024-03-26 18:56:22,2024-03-26 19:28:56,32,Running,11.0,409.0,173,154,0,5,52,43,0,false,,,
2024-03-23 23:52:58,2024-03-24 22:13:27,UTC-07:00,2024-03-24 16:43:30,2024-03-24 18:04:29,80,Activity,10.5,622.0,146,131,5,82,13,0,0,false,,,
2024-03-23 23:52:58,2024-03-24 22:13:27,UTC-07:00,2024-03-24 15:13:21,2024-03-24 15:40:58,27,Running,10.1,341.0,179,153,1,6,57,36,0,false,,,
2024-03-22 23:20:33,2024-03-23 23:52:58,UTC-07:00,2024-03-23 10:38:00,2024-03-23 11:35:00,57,Weightlifting,5.7,178.0,155,105,44,21,5,0,0,false,,,
2024-03-17 21:17:32,2024-03-18 22:04:07,UTC-07:00,2024-03-18 17:50:18,2024-03-18 18:20:09,29,Running,10.8,385.0,176,157,0,3,47,50,0,false,,,
2024-03-16 22:30:53,2024-03-17 21:17:32,UTC-07:00,2024-03-17 12:04:30,2024-03-17 12:56:39,52,Weightlifting,6.7,241.0,160,117,33,40,14,0,0,false,,,
2024-03-14 21:19:33,2024-03-15 22:47:52,UTC-07:00,2024-03-15 17:55:12,2024-03-15 18:25:03,29,Running,9.7,350.0,171,152,0,5,80,15,0,false,,,
2024-03-13 23:18:13,2024-03-14 21:19:33,UTC-07:00,2024-03-14 17:50:16,2024-03-14 18:43:57,53,Weightlifting,4.9,116.0,145,103,52,17,0,0,0,false,,,
2024-03-11 22:29:58,2024-03-12 22:38:46,UTC-07:00,2024-03-12 16:48:36,2024-03-12 17:16:54,28,Running,10.0,306.0,178,146,11,2,16,60,0,false,,,
2024-03-10 00:24:35,2024-03-10 22:13:09,UTC-08:00,2024-03-10 15:21:00,2024-03-10 16:29:59,68,HIIT,7.6,312.0,164,118,45,33,14,0,0,false,,,
2024-03-01 22:36:58,2024-03-03 01:00:26,UTC-08:00,2024-03-02 11:09:00,2024-03-02 12:19:29,70,Yard Work/Gardening,9.2,435.0,173,124,44,27,25,2,0,false,,,
2024-02-25 22:00:31,2024-02-26 22:55:42,UTC-08:00,2024-02-26 07:49:57,2024-02-26 08:15:09,25,Running,6.9,222.0,155,136,1,57,40,0,0,false,,,
2024-02-02 21:37:33,2024-02-04 00:32:29,UTC-08:00,2024-02-03 09:57:00,2024-02-03 11:07:29,70,Skiing,8.9,462.0,155,125,18,74,7,0,0,false,,,
2024-01-23 22:13:36,2024-01-24 22:17:39,UTC-08:00,2024-01-24 07:10:30,2024-01-24 07:47:59,37,Running,8.1,327.0,150,134,1,69,30,0,0,false,,,
2024-01-19 21:08:58,2024-01-20 21:55:38,UTC-08:00,2024-01-20 12:42:00,2024-01-20 14:39:45,117,Snowboarding,12.8,883.0,158,128,22,43,34,0,0,false,,,
2024-01-15 22:48:35,2024-01-16 22:22:32,UTC-08:00,2024-01-16 07:51:00,2024-01-16 08:16:05,25,Running,8.6,280.0,161,147,2,9,89,0,0,false,,,
2024-01-14 00:02:37,2024-01-14 23:23:27,UTC-08:00,2024-01-14 11:37:30,2024-01-14 12:10:29,32,Rock Climbing,4.7,84.0,137,100,41,19,0,0,0,false,,,
2024-01-09 22:37:30,2024-01-10 20:49:35,UTC-08:00,2024-01-10 16:35:28,2024-01-10 16:45:59,10,Weightlifting,4.7,61.0,154,122,24,54,17,0,0,false,,,
2024-01-06 00:02:05,2024-01-06 22:31:45,UTC-08:00,2024-01-06 14:24:00,2024-01-06 14:46:29,22,Rock Climbing,4.8,74.0,140,110,65,28,0,0,0,false,,,
2024-01-04 22:40:50,2024-01-06 00:02:05,UTC-08:00,2024-01-05 07:15:00,2024-01-05 07:59:59,44,Activity,6.7,223.0,163,117,47,33,13,0,0,false,,,
2024-01-01 02:00:45,2024-01-01 21:57:45,UTC-08:00,2024-01-01 11:09:56,2024-01-01 11:19:52,9,Weightlifting,4.7,62.0,149,123,20,49,23,0,0,false,,,
2023-12-29 23:25:53,2023-12-31 00:16:37,UTC-08:00,2023-12-30 14:32:54,2023-12-30 14:42:30,9,Weightlifting,4.4,39.0,143,112,65,24,2,0,0,false,,,
2023-12-19 20:16:06,2023-12-20 21:15:37,UTC-08:00,2023-12-20 08:05:00,2023-12-20 08:15:00,10,HIIT,5.0,75.0,157,130,15,51,34,0,0,false,,,
2023-12-18 19:52:07,2023-12-19 20:16:06,UTC-08:00,2023-12-19 15:28:30,2023-12-19 15:56:59,28,Rock Climbing,5.1,108.0,145,110,48,37,2,0,0,false,,,
2023-12-15 20:06:38,2023-12-16 23:46:06,UTC-08:00,2023-12-16 13:16:30,2023-12-16 14:04:29,47,Rock Climbing,6.5,228.0,154,115,52,30,10,0,0,false,,,
2023-12-10 20:14:20,2023-12-11 20:55:57,UTC-08:00,2023-12-11 06:52:17,2023-12-11 07:27:28,35,Running,6.4,229.0,138,124,9,90,0,0,0,false,,,
2023-12-07 22:06:12,2023-12-09 02:09:43,UTC-08:00,2023-12-08 21:58:30,2023-12-08 23:11:59,73,Activity,12.1,670.0,172,136,3,55,33,9,0,false,,,
2023-12-05 21:25:01,2023-12-06 22:04:13,UTC-08:00,2023-12-06 06:00:59,2023-12-06 07:20:34,79,Running,13.3,846.0,171,143,1,12,86,1,0,false,,,
2023-12-05 21:25:01,2023-12-06 22:04:13,UTC-08:00,2023-12-06 05:43:59,2023-12-06 05:53:30,9,Weightlifting,4.0,14.0,119,96,51,0,0,0,0,false,,,
2023-12-04 20:45:46,2023-12-05 21:25:01,UTC-08:00,2023-12-05 06:10:29,2023-12-05 06:45:06,34,Running,8.6,340.0,153,139,1,37,62,0,0,false,,,
2023-12-02 23:25:10,2023-12-03 22:30:39,UTC-08:00,2023-12-03 14:30:00,2023-12-03 15:34:29,64,Rock Climbing,5.5,173.0,139,99,46,15,0,0,0,false,,,
2023-11-30 21:51:55,2023-12-01 22:51:29,UTC-08:00,2023-12-01 07:19:07,2023-12-01 07:45:10,26,Running,7.3,246.0,154,137,1,54,45,0,0,false,,,
2023-11-28 21:51:41,2023-11-29 22:13:36,UTC-08:00,2023-11-29 06:26:38,2023-11-29 07:34:52,68,Running,9.5,511.0,150,127,4,88,5,0,0,false,,,
2023-11-26 21:13:11,2023-11-27 22:01:39,UTC-08:00,2023-11-27 18:07:24,2023-11-27 18:33:54,26,Running,11.0,357.0,181,157,1,4,35,60,0,false,,,
2023-11-26 21:13:11,2023-11-27 22:01:39,UTC-08:00,2023-11-27 08:03:30,2023-11-27 08:36:52,33,Running,10.4,379.0,175,146,1,27,49,22,0,false,,,
2023-11-26 21:13:11,2023-11-27 22:01:39,UTC-08:00,2023-11-27 07:26:16,2023-11-27 08:00:52,34,Weightlifting,5.0,107.0,139,104,49,21,0,0,0,false,,,
2023-11-23 22:46:30,2023-11-25 00:08:37,UTC-08:00,2023-11-24 13:13:30,2023-11-24 14:20:59,67,Activity,9.5,502.0,153,127,19,73,8,0,0,false,,,
2023-11-18 00:00:27,2023-11-19 02:34:05,UTC-08:00,2023-11-18 18:28:30,2023-11-18 18:52:29,23,Activity,10.0,313.0,177,155,0,3,53,44,0,false,,,
2023-11-16 22:16:45,2023-11-18 00:00:27,UTC-08:00,2023-11-17 16:15:00,2023-11-17 16:47:59,32,Running,10.1,380.0,178,147,0,15,66,19,0,false,,,
2023-11-11 22:00:43,2023-11-12 22:35:46,UTC-08:00,2023-11-12 07:02:21,2023-11-12 13:24:57,382,Running,20.6,4259.0,185,146,2,18,64,16,0,false,,,
2023-11-05 23:52:36,2023-11-06 22:53:22,UTC-08:00,2023-11-06 07:29:52,2023-11-06 07:40:02,10,Activity,4.0,16.0,113,99,56,0,0,0,0,false,,,
2023-11-05 00:21:56,2023-11-05 23:52:36,UTC-08:00,2023-11-05 12:28:44,2023-11-05 15:40:56,192,Running,18.0,2087.0,172,145,3,13,75,9,0,false,,,
2023-11-02 22:10:00,2023-11-03 23:05:28,UTC-07:00,2023-11-03 16:47:08,2023-11-03 17:50:24,63,Running,12.9,705.0,172,146,1,12,80,7,0,false,,,
2023-10-28 23:18:32,2023-10-29 23:23:27,UTC-07:00,2023-10-29 13:08:08,2023-10-29 15:13:08,125,Running,14.1,1081.0,165,133,7,26,60,0,0,false,,,
2023-10-27 21:28:18,2023-10-28 23:18:32,UTC-07:00,2023-10-28 18:34:30,2023-10-28 19:01:29,26,Other,9.4,319.0,175,149,0,10,70,20,0,false,,,
2023-10-26 22:50:26,2023-10-27 21:28:18,UTC-07:00,2023-10-27 17:12:08,2023-10-27 18:30:26,78,Running,13.0,794.0,171,141,0,40,56,4,0,false,,,
2023-10-26 22:50:26,2023-10-27 21:28:18,UTC-07:00,2023-10-27 07:12:00,2023-10-27 07:47:59,35,HIIT,8.9,339.0,165,137,4,30,62,2,0,false,,,
2023-10-24 22:56:46,2023-10-25 21:57:47,UTC-07:00,2023-10-25 18:11:32,2023-10-25 19:00:04,48,Running,12.4,589.0,167,151,0,2,88,10,0,false,,,
2023-10-23 22:54:13,2023-10-24 22:56:46,UTC-07:00,2023-10-24 17:21:00,2023-10-24 17:47:59,26,Rock Climbing,4.9,89.0,144,105,49,21,0,0,0,false,,,
2023-10-23 00:09:29,2023-10-23 22:54:13,UTC-07:00,2023-10-23 17:22:01,2023-10-23 18:09:41,47,Running,11.2,512.0,171,144,0,33,53,14,0,false,,,
2023-10-21 22:32:01,2023-10-23 00:09:29,UTC-07:00,2023-10-22 12:58:36,2023-10-22 15:29:14,150,Running,17.2,1724.0,178,147,1,9,81,9,0,false,,,
2023-10-21 00:48:27,2023-10-21 22:32:01,UTC-07:00,2023-10-21 16:21:00,2023-10-21 16:44:59,23,Rock Climbing,4.6,67.0,137,102,45,19,0,0,0,false,,,
2023-10-19 22:12:28,2023-10-21 00:48:27,UTC-07:00,2023-10-20 16:23:33,2023-10-20 17:14:55,51,Running,11.3,550.0,162,144,0,16,84,0,0,false,,,
2023-10-17 21:10:55,2023-10-18 22:43:51,UTC-07:00,2023-10-18 18:09:32,2023-10-18 19:22:18,72,Running,14.1,832.0,174,147,3,4,67,19,0,false,,,
2023-10-15 23:09:17,2023-10-16 22:46:03,UTC-07:00,2023-10-16 17:54:43,2023-10-16 18:39:06,44,Running,12.2,537.0,170,151,2,6,76,16,0,false,,,
2023-10-13 22:54:49,2023-10-14 22:25:11,UTC-07:00,2023-10-14 14:48:35,2023-10-14 16:40:01,111,Running,16.0,1317.0,172,149,0,7,79,14,0,false,,,
2023-10-11 22:07:07,2023-10-12 22:54:47,UTC-07:00,2023-10-12 07:41:44,2023-10-12 08:35:21,53,Weightlifting,4.5,95.0,135,88,32,4,0,0,0,false,,,
2023-10-09 22:02:52,2023-10-10 23:30:43,UTC-07:00,2023-10-10 16:53:17,2023-10-10 18:09:46,76,Running,15.7,1017.0,180,156,0,5,39,56,0,false,,,
2023-10-08 23:15:57,2023-10-09 22:02:52,UTC-07:00,2023-10-09 16:42:00,2023-10-09 17:14:59,32,Rock Climbing,5.0,107.0,145,105,41,24,0,0,0,false,,,
2023-10-07 23:50:41,2023-10-08 23:15:57,UTC-07:00,2023-10-08 16:16:09,2023-10-08 17:04:18,48,Running,13.5,641.0,183,156,0,7,44,48,1,false,,,
2023-10-06 23:03:12,2023-10-07 23:50:41,UTC-07:00,2023-10-07 17:37:30,2023-10-07 18:13:29,35,Rock Climbing,5.5,140.0,152,108,45,27,2,0,0,false,,,
2023-10-05 21:15:58,2023-10-06 23:03:12,UTC-07:00,2023-10-06 16:23:44,2023-10-06 17:47:55,84,Running,15.6,1078.0,177,153,0,6,61,33,0,false,,,
2023-10-03 20:45:30,2023-10-04 21:24:06,UTC-07:00,2023-10-04 08:21:28,2023-10-04 08:32:10,10,HIIT,4.6,60.0,141,117,32,63,0,0,0,false,,,
2023-10-02 23:30:18,2023-10-03 20:45:30,UTC-07:00,2023-10-03 17:14:40,2023-10-03 18:05:10,50,Running,12.0,568.0,174,146,0,20,68,12,0,false,,,
2023-10-01 00:19:22,2023-10-01 22:35:14,UTC-07:00,2023-10-01 16:22:48,2023-10-01 17:33:57,71,Running,14.3,863.0,176,150,0,10,66,24,0,false,,,
2023-09-29 21:17:10,2023-10-01 00:19:22,UTC-07:00,2023-09-30 15:31:30,2023-09-30 15:53:59,22,Rock Climbing,4.7,74.0,134,104,58,16,0,0,0,false,,,
2023-09-28 20:58:42,2023-09-29 21:17:10,UTC-07:00,2023-09-29 07:09:35,2023-09-29 07:29:58,20,HIIT,5.0,95.0,150,110,48,24,10,0,0,false,,,
2023-09-27 22:36:55,2023-09-28 20:58:42,UTC-07:00,2023-09-28 18:13:06,2023-09-28 18:54:44,41,Running,12.1,509.0,179,150,2,6,63,29,0,false,,,
2023-09-25 20:31:57,2023-09-26 21:32:28,UTC-07:00,2023-09-26 17:40:09,2023-09-26 18:32:25,52,Running,14.4,730.0,183,159,0,3,33,64,0,false,,,
2023-09-23 22:25:03,2023-09-25 00:41:59,UTC-07:00,2023-09-24 08:31:30,2023-09-24 08:49:29,17,Spin,5.4,113.0,161,122,22,46,21,0,0,false,,,
2023-09-19 21:46:19,2023-09-20 22:59:44,UTC-07:00,2023-09-20 17:34:28,2023-09-20 18:17:01,42,Running,12.6,534.0,181,153,0,11,52,37,0,false,,,
2023-09-17 22:16:14,2023-09-18 22:10:55,UTC-07:00,2023-09-18 18:10:54,2023-09-18 18:58:16,47,Running,13.0,600.0,177,153,0,7,57,36,0,false,,,
2023-09-14 23:42:59,2023-09-15 22:59:34,UTC-07:00,2023-09-15 08:17:35,2023-09-15 08:32:13,14,Running,9.4,219.0,176,164,1,1,8,90,0,false,,,
2023-09-11 20:48:22,2023-09-12 22:18:41,UTC-07:00,2023-09-12 07:18:00,2023-09-12 07:50:59,32,Activity,8.5,287.0,165,133,24,31,35,10,0,false,,,
2023-09-11 20:48:22,2023-09-12 22:18:41,UTC-07:00,2023-09-12 06:34:30,2023-09-12 07:01:29,26,Activity,10.2,332.0,177,151,3,14,44,39,0,false,,,
2023-09-10 23:14:58,2023-09-11 20:48:22,UTC-07:00,2023-09-11 07:09:29,2023-09-11 07:36:29,27,HIIT,6.3,167.0,171,117,27,30,15,6,0,false,,,
2023-09-08 23:24:10,2023-09-09 23:03:17,UTC-07:00,2023-09-09 11:04:00,2023-09-09 11:46:11,42,Running,12.5,521.0,182,151,1,18,42,38,1,false,,,
2023-09-04 22:32:52,2023-09-05 23:28:27,UTC-07:00,2023-09-05 16:47:20,2023-09-05 17:28:39,41,Running,12.8,548.0,169,156,0,4,44,52,0,false,,,
2023-08-29 22:31:07,2023-08-30 22:36:26,UTC-07:00,2023-08-30 18:37:14,2023-08-30 19:07:19,30,Running,10.5,375.0,169,152,0,2,75,23,0,false,,,
2023-08-27 22:16:34,2023-08-28 20:47:40,UTC-07:00,2023-08-28 17:52:33,2023-08-28 18:24:15,31,Running,10.4,383.0,169,150,0,10,76,14,0,false,,,
2023-08-26 01:07:00,2023-08-27 00:17:30,UTC-07:00,2023-08-26 16:38:39,2023-08-26 16:59:37,20,Cycling,6.6,188.0,155,134,15,24,60,0,0,false,,,
2023-08-26 01:07:00,2023-08-27 00:17:30,UTC-07:00,2023-08-26 14:50:35,2023-08-26 15:10:14,19,Cycling,6.8,194.0,168,139,4,33,61,2,0,false,,,
2023-08-25 00:02:37,2023-08-26 01:07:00,UTC-07:00,2023-08-25 07:15:10,2023-08-25 07:44:09,28,HIIT,10.9,365.0,183,152,0,6,41,49,0,false,,,
2023-08-16 21:52:53,2023-08-17 21:41:00,UTC-07:00,2023-08-17 07:07:30,2023-08-17 07:39:28,31,Running,9.4,350.0,167,144,2,18,76,4,0,false,,,
2023-07-23 23:55:04,2023-07-25 00:43:41,UTC+10:00,2023-07-24 06:59:19,2023-07-24 07:24:25,25,Activity,6.6,170.0,166,124,29,19,34,4,0,false,,,
2023-07-15 00:00:02,2023-07-16 03:01:17,UTC+10:00,2023-07-15 20:15:00,2023-07-15 23:52:29,217,Activity,16.7,1887.0,177,133,12,53,31,4,0,false,,,
2023-07-12 21:19:03,2023-07-13 21:34:04,UTC+10:00,2023-07-13 07:04:03,2023-07-13 08:03:24,59,Activity,10.7,483.0,167,130,19,47,23,9,0,false,,,
2023-07-10 18:41:39,2023-07-11 20:31:20,UTC+10:00,2023-07-11 17:38:48,2023-07-11 18:14:11,35,Weightlifting,5.6,148.0,148,109,53,24,4,0,0,false,,,
2023-07-05 21:14:57,2023-07-06 21:50:33,UTC-07:00,2023-07-06 07:13:30,2023-07-06 07:56:59,43,Activity,10.2,403.0,173,135,17,26,43,13,0,false,,,
2023-07-03 23:20:41,2023-07-04 23:07:17,UTC-07:00,2023-07-04 13:47:29,2023-07-04 14:11:03,23,Cycling,6.9,204.0,154,134,15,29,56,0,0,false,,,
2023-07-03 23:20:41,2023-07-04 23:07:17,UTC-07:00,2023-07-04 12:49:00,2023-07-04 13:41:35,52,Weightlifting,4.7,109.0,144,96,31,8,0,0,0,false,,,
2023-07-03 23:20:41,2023-07-04 23:07:17,UTC-07:00,2023-07-04 12:18:36,2023-07-04 12:38:09,19,Cycling,6.2,158.0,157,131,23,28,49,0,0,false,,,
2023-07-01 21:33:33,2023-07-02 22:38:49,UTC-07:00,2023-07-02 06:53:01,2023-07-02 11:48:02,295,Hiking,10.9,875.0,153,113,44,38,3,0,0,false,,,
2023-06-21 21:28:12,2023-06-22 21:37:56,UTC-07:00,2023-06-22 07:20:31,2023-06-22 07:30:41,10,HIIT,5.5,95.0,160,136,12,17,69,0,0,false,,,
2023-06-18 23:02:55,2023-06-19 22:39:24,UTC-07:00,2023-06-19 15:37:18,2023-06-19 16:36:43,59,Cycling,7.1,297.0,141,116,51,43,0,0,0,false,,,
2023-06-18 23:02:55,2023-06-19 22:39:24,UTC-07:00,2023-06-19 09:30:00,2023-06-19 11:30:00,120,Rock Climbing,5.0,195.0,133,89,27,2,0,0,0,false,,,
2023-06-17 00:07:49,2023-06-17 23:55:45,UTC-07:00,2023-06-17 13:29:18,2023-06-17 15:23:39,114,Cycling,13.2,910.0,165,127,7,33,44,0,0,false,,,
2023-06-17 00:07:49,2023-06-17 23:55:45,UTC-07:00,2023-06-17 12:22:05,2023-06-17 12:40:40,18,Cycling,7.0,181.0,169,138,17,7,65,9,0,false,,,
2023-06-14 21:52:04,2023-06-15 23:38:46,UTC-07:00,2023-06-15 07:35:52,2023-06-15 07:45:21,9,HIIT,4.8,71.0,153,127,13,60,27,0,0,false,,,
2023-06-14 21:52:04,2023-06-15 23:38:46,UTC-07:00,2023-06-15 07:25:35,2023-06-15 07:30:29,4,HIIT,4.2,23.0,139,113,53,44,0,0,0,false,,,
2023-06-11 22:08:01,2023-06-12 22:17:39,UTC-07:00,2023-06-12 07:09:22,2023-06-12 07:19:33,10,HIIT,4.4,46.0,143,113,49,44,2,0,0,false,,,
2023-06-11 00:15:43,2023-06-11 22:08:01,UTC-07:00,2023-06-11 14:57:51,2023-06-11 16:19:05,81,Rock Climbing,9.0,491.0,141,120,30,68,0,0,0,false,,,
2023-06-08 21:19:07,2023-06-09 21:25:56,UTC-07:00,2023-06-09 06:31:00,2023-06-09 07:35:43,64,Running,13.3,743.0,175,148,0,12,73,15,0,false,,,
2023-06-07 21:31:02,2023-06-08 21:19:07,UTC-07:00,2023-06-08 07:29:25,2023-06-08 07:39:21,9,Rowing,4.9,74.0,158,129,17,36,45,0,0,false,,,
2023-06-03 22:50:05,2023-06-04 22:53:31,UTC-07:00,2023-06-04 18:10:14,2023-06-04 18:44:34,34,Running,9.2,354.0,163,142,2,16,81,0,0,false,,,
2023-06-03 22:50:05,2023-06-04 22:53:31,UTC-07:00,2023-06-04 10:20:00,2023-06-04 12:00:00,100,Rock Climbing,5.0,176.0,133,91,31,4,0,0,0,false,,,
2023-06-01 22:19:56,2023-06-02 22:27:41,UTC-07:00,2023-06-02 07:08:00,2023-06-02 07:20:00,12,Rowing,5.3,93.0,161,127,3,34,48,1,0,false,,,
2023-05-24 22:54:20,2023-05-25 22:13:19,UTC-07:00,2023-05-25 17:49:55,2023-05-25 18:25:52,35,Running,10.9,420.0,169,148,4,12,76,8,0,false,,,
2023-05-24 22:54:20,2023-05-25 22:13:19,UTC-07:00,2023-05-25 07:21:33,2023-05-25 08:05:00,43,Weightlifting,5.7,155.0,149,106,56,20,3,0,0,false,,,
2023-05-23 22:07:45,2023-05-24 22:54:20,UTC-07:00,2023-05-24 08:08:09,2023-05-24 08:19:11,11,Other,4.2,26.0,123,100,62,4,0,0,0,false,,,
2023-05-23 22:07:45,2023-05-24 22:54:20,UTC-07:00,2023-05-24 07:19:36,2023-05-24 08:06:45,47,Weightlifting,4.9,112.0,139,95,38,10,0,0,0,false,,,
2023-05-22 22:06:46,2023-05-23 22:07:45,UTC-07:00,2023-05-23 07:15:51,2023-05-23 08:00:59,45,Weightlifting,4.4,82.0,156,86,21,6,1,0,0,false,,,
2023-05-21 20:26:15,2023-05-22 22:06:46,UTC-07:00,2023-05-22 07:16:15,2023-05-22 08:24:43,68,Weightlifting,5.0,134.0,134,95,41,6,0,0,0,false,,,
2023-05-18 21:59:45,2023-05-19 23:24:50,UTC-07:00,2023-05-19 07:21:58,2023-05-19 08:05:06,43,Weightlifting,4.9,101.0,138,95,48,9,0,0,0,false,,,
2023-05-17 22:15:13,2023-05-18 21:59:45,UTC-07:00,2023-05-18 07:32:37,2023-05-18 08:20:25,47,Weightlifting,4.4,76.0,134,87,32,1,0,0,0,false,,,
2023-05-15 21:00:05,2023-05-16 22:56:13,UTC-07:00,2023-05-16 07:45:20,2023-05-16 08:35:11,49,Weightlifting,5.0,117.0,134,95,37,7,0,0,0,false,,,
2023-05-14 22:15:51,2023-05-15 21:00:05,UTC-07:00,2023-05-15 10:33:45,2023-05-15 11:03:33,29,Running,7.2,247.0,165,132,5,70,25,0,0,false,,,
2023-05-14 22:15:51,2023-05-15 21:00:05,UTC-07:00,2023-05-15 07:28:13,2023-05-15 08:13:18,45,Weightlifting,4.7,94.0,143,94,41,6,0,0,0,false,,,
2023-04-19 21:37:05,2023-04-20 23:47:50,UTC+08:00,2023-04-20 19:05:47,2023-04-20 20:03:15,57,Weightlifting,10.7,532.0,165,141,1,30,68,1,0,false,,,
2023-04-16 22:37:46,2023-04-17 23:01:11,UTC+08:00,2023-04-17 20:26:51,2023-04-17 20:38:37,11,Running,6.9,148.0,173,154,0,7,54,39,0,false,,,
2023-04-16 22:37:46,2023-04-17 23:01:11,UTC+08:00,2023-04-17 20:14:24,2023-04-17 20:23:34,9,Weightlifting,4.4,46.0,145,116,37,48,6,0,0,false,,,
2023-04-15 22:51:55,2023-04-16 22:37:46,UTC+08:00,2023-04-16 14:34:49,2023-04-16 15:30:26,55,Weightlifting,8.5,390.0,156,127,18,57,24,0,0,false,,,
2023-04-13 01:01:32,2023-04-14 01:08:10,UTC+08:00,2023-04-13 09:38:57,2023-04-13 10:41:05,62,Weightlifting,10.7,549.0,163,134,9,43,48,0,0,false,,,
2023-04-09 22:07:36,2023-04-10 23:06:15,UTC+08:00,2023-04-10 14:19:48,2023-04-10 15:10:02,50,Weightlifting,8.5,381.0,155,130,17,53,30,0,0,false,,,
2023-04-08 22:19:54,2023-04-09 22:07:36,UTC+08:00,2023-04-09 14:35:52,2023-04-09 14:49:49,13,Running,7.4,169.0,170,150,0,24,29,47,0,false,,,
2023-04-08 22:19:54,2023-04-09 22:07:36,UTC+08:00,2023-04-09 14:24:10,2023-04-09 14:34:12,10,Weightlifting,4.5,48.0,142,114,44,46,0,0,0,false,,,
2023-04-02 23:04:25,2023-04-03 22:08:58,UTC-07:00,2023-04-03 07:30:24,2023-04-03 08:33:36,63,Weightlifting,5.4,153.0,136,99,49,8,0,0,0,false,,,
2023-04-02 00:51:32,2023-04-02 23:04:25,UTC-07:00,2023-04-02 16:30:24,2023-04-02 17:33:36,63,Weightlifting,0.0,78.0,101,76,0,0,0,0,0,false,,,
2023-03-30 22:17:22,2023-04-01 00:02:57,UTC-07:00,2023-03-31 08:15:01,2023-03-31 08:24:45,9,Other,5.3,84.0,164,132,20,33,46,1,0,false,,,
2023-03-30 22:17:22,2023-04-01 00:02:57,UTC-07:00,2023-03-31 07:30:42,2023-03-31 08:12:10,41,Weightlifting,4.5,77.0,121,92,37,0,0,0,0,false,,,
2023-03-29 23:15:08,2023-03-30 22:17:22,UTC-07:00,2023-03-30 08:09:14,2023-03-30 08:15:24,6,Other,4.8,56.0,167,134,8,39,46,7,0,false,,,
2023-03-29 23:15:08,2023-03-30 22:17:22,UTC-07:00,2023-03-30 07:19:44,2023-03-30 08:04:31,44,Weightlifting,5.3,129.0,149,100,54,9,1,0,0,false,,,
2023-03-28 00:14:35,2023-03-28 23:14:21,UTC-07:00,2023-03-28 17:43:50,2023-03-28 18:58:22,74,Weightlifting,6.0,211.0,143,100,46,11,0,0,0,false,,,
2023-03-26 23:12:33,2023-03-28 00:14:35,UTC-07:00,2023-03-27 17:29:49,2023-03-27 18:20:10,50,Weightlifting,6.0,192.0,142,108,61,26,0,0,0,false,,,
2023-03-24 22:57:13,2023-03-26 00:20:44,UTC-07:00,2023-03-25 11:32:23,2023-03-25 13:45:55,133,Rock Climbing,10.0,611.0,147,113,75,21,1,0,0,false,,,
2023-03-23 23:00:48,2023-03-24 22:57:13,UTC-07:00,2023-03-24 08:14:58,2023-03-24 08:24:58,10,Other,4.9,76.0,151,127,10,80,10,0,0,false,,,
2023-03-23 23:00:48,2023-03-24 22:57:13,UTC-07:00,2023-03-24 07:23:03,2023-03-24 08:12:35,49,Weightlifting,5.2,129.0,135,98,50,7,0,0,0,false,,,
2023-03-22 22:20:35,2023-03-23 23:00:48,UTC-07:00,2023-03-23 06:23:23,2023-03-23 07:04:24,41,Weightlifting,4.9,101.0,129,95,48,7,0,0,0,false,,,
2023-03-21 00:16:28,2023-03-21 23:27:04,UTC-07:00,2023-03-21 07:21:05,2023-03-21 08:23:18,62,Weightlifting,7.1,295.0,145,111,59,31,1,0,0,false,,,
2023-03-15 22:51:39,2023-03-16 23:24:41,UTC-07:00,2023-03-16 06:57:27,2023-03-16 08:08:24,70,Activity,13.9,753.0,176,143,14,16,32,36,0,false,,,
2023-03-14 22:29:05,2023-03-15 22:51:39,UTC-07:00,2023-03-15 07:29:33,2023-03-15 08:08:45,39,Weightlifting,4.7,91.0,156,93,31,8,2,0,0,false,,,
2023-03-13 23:43:13,2023-03-14 22:29:05,UTC-07:00,2023-03-14 07:27:59,2023-03-14 08:10:27,42,Weightlifting,4.9,105.0,130,97,40,9,0,0,0,false,,,
2023-03-12 23:17:20,2023-03-13 23:43:13,UTC-07:00,2023-03-13 07:39:02,2023-03-13 07:50:28,11,Other,4.8,77.0,147,124,20,70,10,0,0,false,,,
2023-03-12 23:17:20,2023-03-13 23:43:13,UTC-07:00,2023-03-13 06:56:41,2023-03-13 07:36:55,40,Weightlifting,5.5,149.0,151,108,55,25,1,0,0,false,,,
2023-03-10 23:47:53,2023-03-11 22:08:37,UTC-08:00,2023-03-11 11:40:01,2023-03-11 11:59:15,19,Other,5.7,137.0,154,126,16,50,31,0,0,false,,,
2023-03-10 23:47:53,2023-03-11 22:08:37,UTC-08:00,2023-03-11 10:55:01,2023-03-11 11:39:19,44,Weightlifting,4.2,70.0,125,84,20,0,0,0,0,false,,,
2023-03-09 23:02:40,2023-03-10 23:47:53,UTC-08:00,2023-03-10 07:42:18,2023-03-10 08:13:15,30,Weightlifting,5.0,99.0,151,107,54,23,3,0,0,false,,,
2023-03-08 22:42:25,2023-03-09 23:02:40,UTC-08:00,2023-03-09 07:43:57,2023-03-09 07:46:48,2,Other,4.1,13.0,133,114,53,47,0,0,0,false,,,
2023-03-08 22:42:25,2023-03-09 23:02:40,UTC-08:00,2023-03-09 06:58:03,2023-03-09 07:38:25,40,Weightlifting,5.9,173.0,154,113,51,33,6,0,0,false,,,
2023-03-06 22:08:37,2023-03-07 22:28:25,UTC-08:00,2023-03-07 07:16:39,2023-03-07 08:02:54,46,Weightlifting,5.1,126.0,147,100,46,15,1,0,0,false,,,
2023-03-05 23:14:40,2023-03-06 22:08:37,UTC-08:00,2023-03-06 17:44:31,2023-03-06 18:32:24,47,Weightlifting,4.2,69.0,127,99,52,4,0,0,0,false,,,
2023-03-03 00:29:47,2023-03-03 21:39:37,UTC-08:00,2023-03-03 11:07:35,2023-03-03 12:03:58,56,Weightlifting,4.1,80.0,126,86,11,1,0,0,0,false,,,
2023-02-28 22:17:59,2023-03-01 22:33:14,UTC-08:00,2023-03-01 18:00:00,2023-03-01 19:30:00,90,Rock Climbing,5.7,210.0,148,98,36,8,1,0,0,false,,,
2023-02-28 22:17:59,2023-03-01 22:33:14,UTC-08:00,2023-03-01 07:39:17,2023-03-01 08:10:36,31,Weightlifting,5.3,123.0,150,107,48,27,2,0,0,false,,,
2023-02-27 21:31:30,2023-02-28 22:17:59,UTC-08:00,2023-02-28 11:01:21,2023-02-28 11:51:14,49,Weightlifting,5.5,154.0,140,101,47,16,0,0,0,false,,,
2023-02-26 01:29:17,2023-02-26 21:44:24,UTC-08:00,2023-02-26 12:30:00,2023-02-26 14:45:00,135,Rock Climbing,7.7,379.0,153,103,50,11,3,0,0,false,,,
2023-02-23 21:39:13,2023-02-24 23:04:13,UTC-08:00,2023-02-24 12:28:21,2023-02-24 12:38:29,10,Other,4.6,55.0,151,119,26,57,12,0,0,false,,,
2023-02-23 21:39:13,2023-02-24 23:04:13,UTC-08:00,2023-02-24 11:45:02,2023-02-24 12:25:36,40,Weightlifting,4.7,94.0,137,99,43,11,0,0,0,false,,,
2023-02-22 22:07:17,2023-02-23 21:39:13,UTC-08:00,2023-02-23 18:08:00,2023-02-23 19:08:00,60,Weightlifting,4.9,122.0,152,95,36,6,2,0,0,false,,,
2023-02-21 21:42:53,2023-02-22 22:07:17,UTC-08:00,2023-02-22 12:10:00,2023-02-22 12:25:00,15,HIIT,5.0,92.0,145,122,22,75,3,0,0,false,,,
2023-02-21 21:42:53,2023-02-22 22:07:17,UTC-08:00,2023-02-22 11:30:00,2023-02-22 12:05:00,35,Weightlifting,6.3,194.0,158,118,32,41,17,0,0,false,,,
2023-02-20 23:55:24,2023-02-21 21:42:53,UTC-08:00,2023-02-21 15:56:45,2023-02-21 16:15:45,19,Weightlifting,4.0,28.0,126,87,18,1,0,0,0,false,,,
2023-02-19 21:33:37,2023-02-21 02:55:24,UTC-05:00,2023-02-20 11:30:00,2023-02-20 13:20:00,110,Rock Climbing,7.1,327.0,149,101,38,17,2,0,0,false,,,
2023-02-18 01:19:30,2023-02-18 21:42:51,UTC-05:00,2023-02-18 14:30:00,2023-02-18 16:10:00,100,Rock Climbing,5.5,213.0,143,94,31,10,0,0,0,false,,,
2023-02-16 23:19:51,2023-02-18 01:19:30,UTC-05:00,2023-02-17 15:34:57,2023-02-17 15:45:52,10,Other,0.0,14.0,71,61,0,0,0,0,0,false,,,
2023-02-16 23:19:51,2023-02-18 01:19:30,UTC-05:00,2023-02-17 14:54:53,2023-02-17 15:32:05,37,Weightlifting,3.8,47.0,110,81,10,0,0,0,0,false,,,
2023-02-16 23:19:51,2023-02-18 01:19:30,UTC-05:00,2023-02-17 12:34:57,2023-02-17 12:45:52,10,Other,4.8,66.0,161,122,25,52,19,0,0,false,,,
2023-02-16 23:19:51,2023-02-18 01:19:30,UTC-05:00,2023-02-17 11:54:53,2023-02-17 12:32:05,37,Weightlifting,4.8,96.0,143,102,48,18,0,0,0,false,,,
2023-02-14 00:00:00,2023-02-15 00:00:00,UTC-05:00,2023-02-14 16:21:33,2023-02-14 17:05:08,43,Weightlifting,,,,,,,,,,false,,,
2023-02-13 00:00:00,2023-02-14 00:00:00,UTC-05:00,2023-02-13 11:22:07,2023-02-13 12:02:00,39,Weightlifting,,,,,,,,,,false,,,
2023-02-12 00:00:00,2023-02-13 00:00:00,UTC-05:00,2023-02-12 15:17:59,2023-02-12 15:24:26,6,Other,,,,,,,,,,false,,,
2023-02-12 00:00:00,2023-02-13 00:00:00,UTC-05:00,2023-02-12 14:35:10,2023-02-12 15:16:13,41,Weightlifting,,,,,,,,,,false,,,
2023-02-11 00:00:00,2023-02-12 00:00:00,UTC-05:00,2023-02-11 13:22:44,2023-02-11 14:17:11,54,Weightlifting,,,,,,,,,,false,,,
2023-02-10 00:00:00,2023-02-11 00:00:00,UTC-05:00,2023-02-10 15:36:50,2023-02-10 16:09:58,33,Weightlifting,,,,,,,,,,false,,,
2023-02-01 00:00:00,2023-02-02 00:00:00,UTC+09:00,2023-02-01 16:16:11,2023-02-01 17:14:43,58,Weightlifting,,,,,,,,,,false,,,
2023-01-26 23:46:14,2023-01-28 00:01:38,UTC+09:00,2023-01-27 17:45:11,2023-01-27 18:22:16,37,Weightlifting,4.9,102.0,148,102,43,16,2,0,0,false,,,
2023-01-24 22:29:17,2023-01-25 22:30:58,UTC+09:00,2023-01-25 17:41:41,2023-01-25 17:51:38,9,Other,4.3,33.0,135,109,66,28,0,0,0,false,,,
2023-01-24 22:29:17,2023-01-25 22:30:58,UTC+09:00,2023-01-25 17:22:06,2023-01-25 17:41:18,19,Weightlifting,4.3,47.0,126,97,54,7,0,0,0,false,,,
2023-01-23 22:29:59,2023-01-24 22:29:17,UTC+09:00,2023-01-24 17:20:00,2023-01-24 18:00:00,40,Weightlifting,5.8,169.0,147,110,41,35,2,0,0,false,,,
2023-01-23 01:31:28,2023-01-23 22:29:59,UTC+09:00,2023-01-23 16:35:00,2023-01-23 17:35:00,60,Weightlifting,7.2,289.0,151,113,47,37,5,0,0,false,,,
2023-01-21 23:22:35,2023-01-23 01:31:28,UTC+09:00,2023-01-22 12:34:51,2023-01-22 12:40:44,5,Other,4.3,33.0,136,119,31,69,0,0,0,false,,,
2023-01-21 23:22:35,2023-01-23 01:31:28,UTC+09:00,2023-01-22 11:53:26,2023-01-22 12:32:11,38,Weightlifting,5.7,163.0,150,112,46,38,2,0,0,false,,,
2023-01-19 00:23:41,2023-01-19 22:16:02,UTC+09:00,2023-01-19 15:20:38,2023-01-19 16:06:13,45,Weightlifting,4.7,107.0,152,101,31,20,1,0,0,false,,,
2023-01-18 00:16:08,2023-01-19 00:23:41,UTC+09:00,2023-01-18 19:10:00,2023-01-18 19:25:00,15,HIIT,5.3,109.0,158,128,13,60,27,0,0,false,,,
2023-01-18 00:16:08,2023-01-19 00:23:41,UTC+09:00,2023-01-18 18:43:00,2023-01-18 19:10:00,27,Weightlifting,4.4,59.0,133,98,40,10,0,0,0,false,,,
2023-01-16 22:56:19,2023-01-18 00:16:08,UTC+09:00,2023-01-17 18:39:42,2023-01-17 19:26:10,46,Weightlifting,8.7,373.0,160,129,11,50,36,0,0,false,,,
2023-01-16 00:25:09,2023-01-16 22:56:19,UTC+09:00,2023-01-16 13:04:50,2023-01-16 13:57:39,52,Weightlifting,5.8,177.0,153,105,39,22,5,0,0,false,,,
2023-01-14 23:35:52,2023-01-16 00:25:09,UTC+09:00,2023-01-15 16:58:00,2023-01-15 17:06:00,8,HIIT,4.6,57.0,148,128,12,72,16,0,0,false,,,
2023-01-14 23:35:52,2023-01-16 00:25:09,UTC+09:00,2023-01-15 16:12:00,2023-01-15 16:52:00,40,Weightlifting,5.9,181.0,151,115,38,48,6,0,0,false,,,
2023-01-05 22:50:16,2023-01-06 21:46:28,UTC-08:00,2023-01-06 07:54:29,2023-01-06 08:19:49,25,Cycling,10.2,321.0,186,156,0,11,31,56,2,false,,,
2023-01-02 22:28:38,2023-01-03 21:34:53,UTC-08:00,2023-01-03 07:55:58,2023-01-03 08:07:03,11,Other,5.1,82.0,158,130,21,24,50,0,0,false,,,
2023-01-02 22:28:38,2023-01-03 21:34:53,UTC-08:00,2023-01-03 07:08:24,2023-01-03 07:51:09,42,Weightlifting,5.1,117.0,143,106,64,17,0,0,0,false,,,
2023-01-02 00:09:17,2023-01-02 22:28:38,UTC-08:00,2023-01-02 08:41:18,2023-01-02 09:27:02,45,Weightlifting,4.1,62.0,116,89,25,0,0,0,0,false,,,
2022-12-27 23:48:32,2022-12-29 00:13:20,UTC-05:00,2022-12-28 13:38:48,2022-12-28 13:46:06,7,Other,0.0,9.0,96,87,0,0,0,0,0,false,,,
2022-12-27 23:48:32,2022-12-29 00:13:20,UTC-05:00,2022-12-28 12:52:45,2022-12-28 13:34:21,41,Weightlifting,0.0,52.0,104,86,3,0,0,0,0,false,,,
2022-12-27 23:48:32,2022-12-29 00:13:20,UTC-05:00,2022-12-28 10:38:48,2022-12-28 10:46:06,7,Other,5.4,76.0,171,144,3,6,59,25,0,false,,,
2022-12-27 23:48:32,2022-12-29 00:13:20,UTC-05:00,2022-12-28 09:52:45,2022-12-28 10:34:21,41,Weightlifting,4.8,102.0,143,101,35,19,0,0,0,false,,,
2022-12-26 22:45:31,2022-12-27 23:48:32,UTC-05:00,2022-12-27 16:21:52,2022-12-27 17:20:48,58,Weightlifting,4.3,91.0,129,85,16,4,0,0,0,false,,,
2022-12-26 22:45:31,2022-12-27 23:48:32,UTC-05:00,2022-12-27 13:20:00,2022-12-27 14:20:00,60,Weightlifting,6.2,223.0,163,111,42,34,8,0,0,false,,,
2022-12-25 21:59:55,2022-12-26 22:45:31,UTC-05:00,2022-12-26 16:45:00,2022-12-26 18:44:00,119,Rock Climbing,5.8,253.0,156,101,39,14,2,0,0,false,,,
2022-12-25 21:59:55,2022-12-26 22:45:31,UTC-05:00,2022-12-26 12:05:00,2022-12-26 12:15:00,10,HIIT,5.3,84.0,166,134,13,26,48,9,0,false,,,
2022-12-25 21:59:55,2022-12-26 22:45:31,UTC-05:00,2022-12-26 11:12:00,2022-12-26 11:53:00,41,Weightlifting,5.5,145.0,163,109,49,26,8,0,0,false,,,
2022-12-22 22:55:29,2022-12-24 01:09:21,UTC-05:00,2022-12-23 13:20:00,2022-12-23 15:15:00,115,Rock Climbing,8.0,375.0,170,104,47,17,3,1,0,false,,,
2022-12-22 22:55:29,2022-12-24 01:09:21,UTC-05:00,2022-12-23 11:26:00,2022-12-23 12:05:00,39,Weightlifting,5.2,122.0,158,104,43,21,4,0,0,false,,,
2022-12-21 21:52:02,2022-12-22 22:55:29,UTC-05:00,2022-12-22 16:00:00,2022-12-22 17:30:00,90,Rock Climbing,6.9,289.0,167,106,41,23,4,0,0,false,,,
2022-12-21 21:52:02,2022-12-22 22:55:29,UTC-05:00,2022-12-22 10:51:19,2022-12-22 10:57:33,6,Assault Bike,5.7,78.0,182,153,0,26,18,54,2,false,,,
2022-12-21 21:52:02,2022-12-22 22:55:29,UTC-05:00,2022-12-22 10:35:50,2022-12-22 10:48:15,12,HIIT,6.1,126.0,167,141,4,19,61,12,0,false,,,
2022-12-21 21:52:02,2022-12-22 22:55:29,UTC-05:00,2022-12-22 09:51:24,2022-12-22 10:33:26,42,Weightlifting,4.5,87.0,141,93,17,12,0,0,0,false,,,
2022-12-20 22:07:49,2022-12-21 21:52:02,UTC-05:00,2022-12-21 14:15:00,2022-12-21 14:21:00,6,Assault Bike,5.4,65.0,180,145,4,40,14,42,0,false,,,
2022-12-20 22:07:49,2022-12-21 21:52:02,UTC-05:00,2022-12-21 13:27:00,2022-12-21 14:10:00,43,Weightlifting,5.8,173.0,149,111,51,35,2,0,0,false,,,
2022-12-19 23:23:06,2022-12-20 22:07:49,UTC-05:00,2022-12-20 17:07:35,2022-12-20 17:56:57,49,Weightlifting,8.5,376.0,162,127,10,63,26,0,0,false,,,
2022-12-18 22:40:04,2022-12-19 23:23:06,UTC-05:00,2022-12-19 15:30:00,2022-12-19 15:42:00,12,HIIT,4.5,53.0,144,113,49,44,1,0,0,false,,,
2022-12-18 22:40:04,2022-12-19 23:23:06,UTC-05:00,2022-12-19 14:46:00,2022-12-19 15:26:00,40,Weightlifting,6.3,213.0,160,117,31,51,8,0,0,false,,,
2022-12-13 23:01:07,2022-12-14 21:52:26,UTC-08:00,2022-12-14 08:22:18,2022-12-14 08:34:44,12,Cycling,7.7,163.0,178,154,5,2,33,59,0,false,,,
2022-12-13 23:01:07,2022-12-14 21:52:26,UTC-08:00,2022-12-14 07:19:46,2022-12-14 08:18:51,59,Weightlifting,5.6,171.0,149,99,37,17,1,0,0,false,,,
2022-12-08 22:23:02,2022-12-10 01:30:38,UTC-08:00,2022-12-09 20:27:58,2022-12-09 22:27:33,119,Activity,15.0,1164.0,188,143,4,28,49,19,0,false,,,
2022-12-08 22:23:02,2022-12-10 01:30:38,UTC-08:00,2022-12-09 07:54:10,2022-12-09 08:14:33,20,Cycling,9.3,263.0,188,157,2,3,37,53,5,false,,,
2022-12-08 22:23:02,2022-12-10 01:30:38,UTC-08:00,2022-12-09 07:05:51,2022-12-09 07:49:15,43,Weightlifting,5.1,122.0,154,107,43,29,4,0,0,false,,,
2022-12-07 23:11:17,2022-12-08 22:23:02,UTC-08:00,2022-12-08 07:10:00,2022-12-08 08:10:00,60,Weightlifting,5.9,183.0,167,105,50,18,3,0,0,false,,,
2022-12-07 00:01:36,2022-12-07 23:11:17,UTC-08:00,2022-12-07 15:18:21,2022-12-07 16:05:01,46,Weightlifting,5.3,134.0,160,95,17,11,9,0,0,false,,,
2022-12-05 23:11:55,2022-12-07 00:01:36,UTC-08:00,2022-12-06 16:17:00,2022-12-06 17:17:00,60,Weightlifting,5.0,138.0,160,92,24,13,1,0,0,false,,,
2022-12-05 00:35:02,2022-12-05 23:11:55,UTC-08:00,2022-12-05 16:08:00,2022-12-05 17:09:00,61,Weightlifting,5.3,154.0,160,95,27,10,4,0,0,false,,,
2022-12-02 22:50:34,2022-12-03 23:54:37,UTC-08:00,2022-12-03 15:13:10,2022-12-03 16:34:54,81,Activity,15.0,986.0,190,150,0,13,54,32,1,false,,,
2022-12-02 22:50:34,2022-12-03 23:54:37,UTC-08:00,2022-12-03 10:56:54,2022-12-03 13:37:07,160,Activity,13.1,1063.0,158,124,21,60,14,0,0,false,,,
2022-12-01 23:04:55,2022-12-02 22:50:34,UTC-08:00,2022-12-02 16:12:00,2022-12-02 16:45:00,33,Weightlifting,4.2,50.0,125,89,24,0,0,0,0,false,,,
2022-12-01 00:22:17,2022-12-01 23:04:55,UTC-08:00,2022-12-01 10:11:58,2022-12-01 11:06:12,54,Weightlifting,5.2,150.0,145,97,24,22,0,0,0,false,,,
2022-11-29 23:25:36,2022-12-01 00:22:17,UTC-08:00,2022-11-30 14:00:00,2022-11-30 14:45:00,45,Weightlifting,5.3,135.0,153,100,33,10,8,0,0,false,,,
2022-11-29 00:16:34,2022-11-29 23:25:36,UTC-08:00,2022-11-29 15:01:56,2022-11-29 16:00:08,58,Weightlifting,4.6,98.0,131,91,30,1,0,0,0,false,,,
2022-11-27 00:22:42,2022-11-27 22:53:49,UTC-08:00,2022-11-27 10:05:16,2022-11-27 10:37:40,32,Weightlifting,4.5,69.0,147,94,26,10,1,0,0,false,,,
2022-11-27 00:22:42,2022-11-27 22:53:49,UTC-08:00,2022-11-27 09:49:55,2022-11-27 10:00:45,10,Weightlifting,4.5,54.0,150,114,17,49,7,0,0,false,,,
2022-11-15 22:12:40,2022-11-16 23:50:20,UTC-08:00,2022-11-16 15:18:56,2022-11-16 16:18:33,59,Weightlifting,4.1,81.0,121,80,11,0,0,0,0,false,,,
2022-11-14 23:59:18,2022-11-15 22:12:40,UTC-08:00,2022-11-15 15:57:51,2022-11-15 16:45:32,47,Weightlifting,5.2,132.0,155,100,26,11,8,0,0,false,,,
2022-11-10 23:41:26,2022-11-11 23:38:20,UTC-05:00,2022-11-11 15:08:58,2022-11-11 15:23:22,14,Weightlifting,0.0,18.0,107,85,3,0,0,0,0,false,,,
2022-11-10 23:41:26,2022-11-11 23:38:20,UTC-05:00,2022-11-11 12:30:00,2022-11-11 14:00:00,90,Rock Climbing,7.1,302.0,142,106,55,22,0,0,0,false,,,
2022-11-10 23:41:26,2022-11-11 23:38:20,UTC-05:00,2022-11-11 12:08:58,2022-11-11 12:23:22,14,Weightlifting,4.5,55.0,137,109,63,24,0,0,0,false,,,
2022-11-09 23:50:29,2022-11-10 23:41:26,UTC-05:00,2022-11-10 13:38:33,2022-11-10 14:07:31,28,Weightlifting,0.0,36.0,93,70,0,0,0,0,0,false,,,
2022-11-09 23:50:29,2022-11-10 23:41:26,UTC-05:00,2022-11-10 10:38:33,2022-11-10 11:07:31,28,Weightlifting,4.6,67.0,126,97,57,1,0,0,0,false,,,
2022-11-07 23:57:38,2022-11-09 02:17:01,UTC-05:00,2022-11-08 08:30:21,2022-11-08 09:32:12,61,Weightlifting,4.9,127.0,129,89,22,6,0,0,0,false,,,
2022-11-06 22:09:00,2022-11-07 23:57:38,UTC-05:00,2022-11-07 18:00:00,2022-11-07 20:00:00,120,Rock Climbing,9.4,524.0,155,109,42,29,3,0,0,false,,,
2022-11-06 22:09:00,2022-11-07 23:57:38,UTC-05:00,2022-11-07 09:48:48,2022-11-07 10:00:14,11,Other,5.1,90.0,157,128,15,52,33,0,0,false,,,
2022-11-06 22:09:00,2022-11-07 23:57:38,UTC-05:00,2022-11-07 09:06:18,2022-11-07 09:42:06,35,Weightlifting,6.1,176.0,161,113,40,29,12,0,0,false,,,
2022-11-02 00:00:32,2022-11-02 23:34:37,UTC-07:00,2022-11-02 18:24:31,2022-11-02 18:49:36,25,Weightlifting,4.3,49.0,130,90,32,3,0,0,0,false,,,
2022-11-02 00:00:32,2022-11-02 23:34:37,UTC-07:00,2022-11-02 15:24:31,2022-11-02 15:49:36,25,Weightlifting,0.0,31.0,98,77,0,0,0,0,0,false,,,
2022-10-31 23:32:39,2022-11-02 00:00:32,UTC-07:00,2022-11-01 16:58:05,2022-11-01 18:03:57,65,Weightlifting,4.7,118.0,132,89,24,3,0,0,0,false,,,
2022-10-30 21:12:43,2022-10-31 23:32:39,UTC-07:00,2022-10-31 13:27:38,2022-10-31 14:10:53,43,Weightlifting,5.0,112.0,156,96,17,5,8,0,0,false,,,
2022-10-29 23:06:27,2022-10-30 21:12:43,UTC-07:00,2022-10-30 10:16:56,2022-10-30 11:23:39,66,Weightlifting,4.3,95.0,119,79,15,0,0,0,0,false,,,
2022-10-28 23:47:18,2022-10-29 23:06:27,UTC-07:00,2022-10-29 11:24:36,2022-10-29 12:10:19,45,Weightlifting,5.9,167.0,153,105,31,15,12,0,0,false,,,
2022-10-22 01:19:40,2022-10-22 23:41:07,UTC-07:00,2022-10-22 16:00:00,2022-10-22 18:30:00,150,Rock Climbing,8.2,440.0,156,104,49,10,4,0,0,false,,,
2022-10-18 22:51:10,2022-10-19 22:50:27,UTC-07:00,2022-10-19 06:58:12,2022-10-19 07:26:16,28,Weightlifting,4.0,38.0,111,80,10,0,0,0,0,false,,,
2022-10-11 22:57:15,2022-10-13 01:48:00,UTC-07:00,2022-10-12 08:45:25,2022-10-12 09:34:42,49,Weightlifting,4.3,83.0,131,82,20,4,0,0,0,false,,,
2022-10-10 21:20:40,2022-10-11 22:57:15,UTC-07:00,2022-10-11 06:45:35,2022-10-11 07:53:36,68,Weightlifting,4.1,92.0,119,79,11,0,0,0,0,false,,,
2022-10-10 01:32:14,2022-10-10 21:20:40,UTC-07:00,2022-10-10 17:03:10,2022-10-10 17:31:59,28,Running,12.1,414.0,179,161,1,1,10,88,0,false,,,
2022-10-10 01:32:14,2022-10-10 21:20:40,UTC-07:00,2022-10-10 10:58:39,2022-10-10 11:08:42,10,HIIT,4.9,76.0,154,128,8,71,18,0,0,false,,,
2022-10-10 01:32:14,2022-10-10 21:20:40,UTC-07:00,2022-10-10 10:26:40,2022-10-10 10:53:48,27,Weightlifting,4.6,64.0,144,101,51,8,0,0,0,false,,,
2022-10-08 01:34:39,2022-10-08 22:17:02,UTC-07:00,2022-10-08 11:43:36,2022-10-08 12:06:09,22,HIIT,7.6,216.0,167,137,16,15,55,11,0,false,,,
2022-10-08 01:34:39,2022-10-08 22:17:02,UTC-07:00,2022-10-08 10:56:02,2022-10-08 11:42:17,46,Weightlifting,4.3,74.0,144,86,17,3,0,0,0,false,,,
2022-10-06 23:11:30,2022-10-08 01:34:39,UTC-07:00,2022-10-07 16:52:17,2022-10-07 17:19:30,27,Running,12.4,398.0,182,163,1,5,8,83,3,false,,,
2022-10-06 23:11:30,2022-10-08 01:34:39,UTC-07:00,2022-10-07 10:04:43,2022-10-07 10:50:38,45,Weightlifting,4.5,90.0,152,87,22,4,1,0,0,false,,,
2022-10-04 21:33:37,2022-10-05 21:45:31,UTC-07:00,2022-10-05 06:53:22,2022-10-05 07:25:19,31,Weightlifting,4.8,94.0,144,98,21,21,1,0,0,false,,,
2022-10-03 21:45:46,2022-10-04 21:33:37,UTC-07:00,2022-10-04 06:13:42,2022-10-04 07:06:30,52,Weightlifting,4.2,78.0,125,86,19,1,0,0,0,false,,,
2022-10-02 22:53:08,2022-10-03 21:45:46,UTC-07:00,2022-10-03 17:46:35,2022-10-03 18:36:34,49,Weightlifting,5.8,173.0,159,110,46,28,7,0,0,false,,,
2022-10-01 00:35:34,2022-10-02 02:11:16,UTC-07:00,2022-10-01 09:49:53,2022-10-01 10:32:47,42,Weightlifting,4.9,111.0,148,94,35,10,1,0,0,false,,,
2022-09-29 22:43:03,2022-10-01 00:35:34,UTC-07:00,2022-09-30 16:35:58,2022-09-30 16:58:36,22,HIIT,7.5,217.0,169,137,12,31,45,12,0,false,,,
2022-09-29 22:43:03,2022-10-01 00:35:34,UTC-07:00,2022-09-30 15:56:37,2022-09-30 16:33:07,36,Weightlifting,4.8,92.0,129,99,54,6,0,0,0,false,,,
2022-09-28 22:59:27,2022-09-29 22:43:03,UTC-07:00,2022-09-29 17:41:04,2022-09-29 18:07:40,26,Running,11.7,380.0,179,160,1,1,21,77,0,false,,,
2022-09-28 22:59:27,2022-09-29 22:43:03,UTC-07:00,2022-09-29 16:34:24,2022-09-29 17:05:37,31,Weightlifting,5.0,108.0,144,103,40,24,1,0,0,false,,,
2022-09-27 22:17:36,2022-09-28 22:59:27,UTC-07:00,2022-09-28 16:42:12,2022-09-28 17:34:43,52,Weightlifting,4.7,106.0,148,89,22,5,1,0,0,false,,,
2022-09-25 20:47:08,2022-09-26 22:25:03,UTC-07:00,2022-09-26 16:30:07,2022-09-26 17:12:22,42,Weightlifting,4.7,96.0,139,91,29,11,0,0,0,false,,,
2022-09-23 23:41:13,2022-09-25 02:17:39,UTC-07:00,2022-09-24 08:18:35,2022-09-24 09:15:40,57,Weightlifting,6.1,199.0,159,100,23,17,9,0,0,false,,,
2022-09-21 21:56:44,2022-09-22 22:08:54,UTC-07:00,2022-09-22 16:15:00,2022-09-22 17:10:00,55,Weightlifting,4.5,97.0,131,87,18,5,0,0,0,false,,,
2022-09-20 22:30:40,2022-09-21 21:56:44,UTC-07:00,2022-09-21 17:00:00,2022-09-21 17:30:00,30,Weightlifting,4.6,75.0,142,99,36,12,0,0,0,false,,,
2022-09-19 21:43:21,2022-09-20 22:30:40,UTC-07:00,2022-09-20 16:25:17,2022-09-20 16:53:00,27,Running,11.6,382.0,177,158,0,6,28,66,0,false,,,
2022-09-18 23:21:52,2022-09-19 21:43:21,UTC-07:00,2022-09-19 16:09:00,2022-09-19 17:12:00,63,Weightlifting,6.4,239.0,147,107,38,29,1,0,0,false,,,
2022-09-17 22:59:49,2022-09-19 02:21:52,UTC-04:00,2022-09-18 12:40:00,2022-09-18 14:00:00,80,Rock Climbing,4.3,113.0,122,87,14,0,0,0,0,false,,,
2022-09-17 00:37:48,2022-09-17 22:59:49,UTC-04:00,2022-09-17 07:46:14,2022-09-17 08:28:40,42,Weightlifting,5.6,152.0,151,99,34,22,3,0,0,false,,,
2022-09-15 22:19:53,2022-09-17 00:37:48,UTC-04:00,2022-09-16 14:00:31,2022-09-16 16:30:31,150,Rock Climbing,6.9,364.0,147,93,29,8,0,0,0,false,,,
2022-09-13 23:08:21,2022-09-14 23:57:21,UTC-07:00,2022-09-14 17:36:03,2022-09-14 17:57:30,21,Other,7.1,203.0,168,135,11,27,57,3,0,false,,,
2022-09-13 23:08:21,2022-09-14 23:57:21,UTC-07:00,2022-09-14 14:32:03,2022-09-14 15:08:30,36,HIIT,0.0,45.0,96,74,0,0,0,0,0,false,,,
2022-09-12 23:25:51,2022-09-13 23:08:21,UTC-07:00,2022-09-13 16:23:50,2022-09-13 17:09:11,45,Weightlifting,5.4,151.0,151,103,25,23,3,0,0,false,,,
2022-09-11 20:31:01,2022-09-12 23:25:51,UTC-07:00,2022-09-12 17:32:05,2022-09-12 18:08:07,36,Weightlifting,4.1,50.0,136,84,15,1,0,0,0,false,,,
2022-09-10 23:40:48,2022-09-11 20:31:01,UTC-07:00,2022-09-11 00:19:01,2022-09-11 11:45:07,686,Hiking,17.8,3231.0,157,113,43,39,3,0,0,false,,,
2022-09-08 00:00:00,2022-09-08 23:49:37,UTC-07:00,2022-09-08 18:03:08,2022-09-08 18:48:45,45,Weightlifting,1.6,57.0,108,73,1,0,0,0,0,false,,,
2022-09-08 00:00:00,2022-09-08 23:49:37,UTC-07:00,2022-09-08 07:36:52,2022-09-08 08:06:29,29,Swimming,,,,,,,,,,false,,,
2022-09-07 00:00:00,2022-09-08 00:00:00,UTC-07:00,2022-09-07 16:37:13,2022-09-07 17:18:48,41,Weightlifting,,,,,,,,,,false,,,
2022-09-06 00:00:00,2022-09-07 00:00:00,UTC-07:00,2022-09-06 17:33:12,2022-09-06 18:26:58,53,Weightlifting,,,,,,,,,,false,,,
2022-08-30 00:00:00,2022-08-31 00:00:00,UTC-07:00,2022-08-30 16:55:26,2022-08-30 18:01:06,65,Weightlifting,,,,,,,,,,false,,,
2022-08-29 00:00:00,2022-08-30 00:00:00,UTC-07:00,2022-08-29 17:34:17,2022-08-29 18:18:02,43,Weightlifting,,,,,,,,,,false,,,
2022-08-26 00:00:00,2022-08-27 00:00:00,UTC-07:00,2022-08-26 07:44:36,2022-08-26 08:24:44,40,Weightlifting,,,,,,,,,,false,,,
2022-08-25 00:00:00,2022-08-26 00:00:00,UTC-07:00,2022-08-25 16:31:01,2022-08-25 17:15:09,44,Weightlifting,,,,,,,,,,false,,,
2020-09-27 23:41:40,2020-09-29 01:49:33,UTC-05:00,2020-09-28 10:42:24,2020-09-28 11:33:38,51,Activity,14.1,692.0,187,156,1,5,38,55,1,false,,,
2020-09-26 21:55:05,2020-09-27 23:41:40,UTC-05:00,2020-09-27 16:01:57,2020-09-27 16:23:28,21,Cycling,9.9,291.0,179,157,0,4,41,55,0,false,,,
2020-09-26 21:55:05,2020-09-27 23:41:40,UTC-05:00,2020-09-27 13:11:11,2020-09-27 14:16:48,65,Cycling,13.6,734.0,181,145,3,20,47,28,0,false,,,
2020-09-24 23:46:10,2020-09-26 00:18:23,UTC-04:00,2020-09-25 18:37:58,2020-09-25 19:21:46,43,Running,13.6,617.0,182,159,0,1,23,76,0,false,,,
2020-09-21 22:19:56,2020-09-22 22:51:55,UTC-04:00,2020-09-22 18:11:49,2020-09-22 19:15:18,63,Running,12.9,679.0,169,142,6,21,62,11,0,false,,,
2020-09-18 23:36:35,2020-09-20 03:51:25,UTC-04:00,2020-09-19 10:31:04,2020-09-19 11:37:07,66,Running,14.4,796.0,174,149,10,7,36,46,0,false,,,
2020-09-17 00:52:25,2020-09-17 23:05:41,UTC-04:00,2020-09-17 18:17:49,2020-09-17 18:57:50,40,Running,12.6,527.0,172,155,0,4,61,35,0,false,,,
2020-09-15 01:13:45,2020-09-15 23:56:55,UTC-04:00,2020-09-15 16:22:00,2020-09-15 17:24:11,62,Running,12.5,643.0,173,141,7,16,70,5,0,false,,,
2020-09-13 04:12:36,2020-09-14 00:48:16,UTC-04:00,2020-09-13 19:01:27,2020-09-13 19:22:50,21,Running,7.9,223.0,170,142,7,14,72,3,0,false,,,
2020-09-13 04:12:36,2020-09-14 00:48:16,UTC-04:00,2020-09-13 14:37:21,2020-09-13 18:08:21,211,Activity,16.0,1722.0,184,130,12,55,29,3,0,false,,,
2020-09-08 23:48:12,2020-09-10 04:05:12,UTC-07:00,2020-09-09 09:52:16,2020-09-09 10:17:58,25,Running,8.2,251.0,170,136,4,11,64,9,0,false,,,
2020-09-01 20:10:00,2020-09-02 19:11:24,UTC-07:00,2020-09-02 15:02:42,2020-09-02 15:56:17,53,Functional Fitness,11.7,537.0,174,139,10,20,56,11,0,false,,,
2020-08-30 20:47:34,2020-08-31 20:04:51,UTC-07:00,2020-08-31 15:50:00,2020-08-31 16:45:00,55,Functional Fitness,13.2,648.0,176,148,4,22,44,30,0,false,,,
2020-08-25 20:09:22,2020-08-26 19:04:47,UTC-07:00,2020-08-26 15:24:28,2020-08-26 15:52:28,27,Cycling,6.9,235.0,148,132,0,82,18,0,0,true,86.26,0.00,0.05
2020-08-22 22:40:31,2020-08-23 19:55:07,UTC-07:00,2020-08-23 12:38:24,2020-08-23 14:10:12,91,Functional Fitness,12.7,780.0,166,133,12,34,49,1,0,false,,,
2020-08-22 02:15:19,2020-08-22 22:40:31,UTC-07:00,2020-08-22 16:27:23,2020-08-22 17:29:36,62,Functional Fitness,7.3,307.0,147,113,28,42,10,0,0,false,,,
2020-08-20 19:04:17,2020-08-22 02:15:19,UTC-07:00,2020-08-21 23:19:05,2020-08-22 00:02:13,43,Activity,9.7,371.0,171,133,19,20,42,14,0,false,,,
2020-08-20 19:04:17,2020-08-22 02:15:19,UTC-07:00,2020-08-21 19:41:42,2020-08-21 21:06:56,85,Activity,16.0,1023.0,189,150,9,15,22,50,3,false,,,
2020-08-19 19:50:51,2020-08-20 19:04:17,UTC-07:00,2020-08-20 17:00:21,2020-08-20 17:33:19,32,Functional Fitness,6.0,160.0,172,113,39,17,20,3,0,false,,,
2020-08-17 20:26:30,2020-08-18 20:51:43,UTC-07:00,2020-08-18 16:58:59,2020-08-18 17:54:37,55,Functional Fitness,11.4,508.0,173,136,12,30,37,18,0,false,,,
2020-08-16 01:57:59,2020-08-16 19:35:42,UTC-07:00,2020-08-16 14:46:30,2020-08-16 15:58:42,72,Weightlifting,7.8,321.0,169,110,29,20,12,3,0,false,,,
2020-08-12 23:18:09,2020-08-14 01:39:35,UTC-07:00,2020-08-13 22:17:22,2020-08-13 22:50:41,33,Cycling,9.5,343.0,171,141,9,18,58,15,0,false,,,
2020-08-12 23:18:09,2020-08-14 01:39:35,UTC-07:00,2020-08-13 21:36:51,2020-08-13 22:04:50,27,Activity,9.6,285.0,180,141,16,9,27,41,0,false,,,
2020-08-11 00:01:36,2020-08-12 00:10:36,UTC-07:00,2020-08-11 15:00:00,2020-08-11 16:45:00,105,Weightlifting,5.9,247.0,148,95,37,9,1,0,0,false,,,
2020-08-09 23:40:48,2020-08-11 00:01:36,UTC-07:00,2020-08-10 15:07:40,2020-08-10 16:21:52,74,Weightlifting,12.7,668.0,173,134,18,19,46,11,0,false,,,
2020-08-08 23:59:33,2020-08-09 23:40:48,UTC-07:00,2020-08-09 15:50:53,2020-08-09 16:27:27,36,Cycling,8.2,308.0,159,131,12,24,59,0,0,false,,,
2020-08-07 23:50:32,2020-08-08 23:59:33,UTC-07:00,2020-08-08 14:45:00,2020-08-08 16:37:29,112,Weightlifting,10.1,498.0,174,110,41,18,4,7,0,false,,,
2020-08-06 23:28:06,2020-08-07 23:50:32,UTC-07:00,2020-08-07 15:10:23,2020-08-07 15:23:52,13,Functional Fitness,5.4,111.0,164,130,2,55,39,1,0,false,,,
2020-08-06 23:28:06,2020-08-07 23:50:32,UTC-07:00,2020-08-07 14:28:50,2020-08-07 14:55:41,26,Functional Fitness,8.4,261.0,176,137,9,15,46,23,0,false,,,
2020-08-06 23:28:06,2020-08-07 23:50:32,UTC-07:00,2020-08-07 13:47:05,2020-08-07 14:28:27,41,Weightlifting,5.9,181.0,148,108,27,42,1,0,0,false,,,
2020-08-05 23:40:26,2020-08-06 23:28:06,UTC-07:00,2020-08-06 15:30:00,2020-08-06 17:07:26,97,Functional Fitness,12.6,693.0,167,124,29,17,32,8,0,false,,,
2020-08-05 00:24:33,2020-08-05 23:40:26,UTC-07:00,2020-08-05 14:39:00,2020-08-05 16:22:00,103,Weightlifting,7.9,409.0,153,107,43,29,3,0,0,false,,,
2020-08-05 00:24:33,2020-08-05 23:40:26,UTC-07:00,2020-08-05 10:36:28,2020-08-05 11:55:22,78,Football,13.8,854.0,182,143,5,25,55,15,0,false,,,
2020-08-03 22:35:22,2020-08-05 00:24:33,UTC-07:00,2020-08-04 16:33:43,2020-08-04 17:13:00,39,Other,12.5,481.0,185,150,4,15,33,42,4,true,2025.80,4.30,-0.21
2020-07-28 00:26:39,2020-07-29 00:23:38,UTC-04:00,2020-07-28 14:58:21,2020-07-28 16:46:35,108,Weightlifting,6.1,263.0,148,100,55,6,0,0,0,false,,,
2020-07-26 00:33:11,2020-07-26 23:21:44,UTC-04:00,2020-07-26 11:59:49,2020-07-26 13:37:46,97,Cycling,14.9,1101.0,171,146,2,11,78,9,0,false,,,
2020-07-23 00:14:42,2020-07-24 00:10:59,UTC-04:00,2020-07-23 17:00:44,2020-07-23 18:56:39,115,Cycling,16.1,1315.0,175,147,3,15,60,22,0,false,,,
2020-07-20 23:45:54,2020-07-22 00:00:45,UTC-04:00,2020-07-21 14:32:09,2020-07-21 14:55:46,23,Functional Fitness,8.0,242.0,163,143,8,19,66,7,0,false,,,
2020-07-19 23:51:14,2020-07-20 23:45:54,UTC-04:00,2020-07-20 15:47:00,2020-07-20 17:37:00,110,Cycling,14.8,1128.0,170,143,5,16,66,11,0,false,,,
2020-07-18 00:41:16,2020-07-19 00:32:18,UTC-04:00,2020-07-18 10:02:43,2020-07-18 11:53:46,111,Cycling,13.9,1055.0,162,139,3,30,67,0,0,false,,,
2020-07-17 01:41:45,2020-07-18 00:41:16,UTC-04:00,2020-07-17 11:29:44,2020-07-17 12:50:33,80,Functional Fitness,7.0,301.0,168,110,44,37,2,0,0,false,,,
2020-07-16 00:32:58,2020-07-17 01:41:45,UTC-04:00,2020-07-16 15:53:21,2020-07-16 18:33:21,159,Cycling,17.7,1877.0,174,150,0,6,75,19,0,false,,,
2020-07-14 00:11:16,2020-07-15 00:31:14,UTC-04:00,2020-07-14 15:25:25,2020-07-14 17:47:14,141,Cycling,16.5,1544.0,169,146,2,12,79,7,0,false,,,
2020-07-10 00:57:53,2020-07-10 23:40:08,UTC-04:00,2020-07-10 17:48:47,2020-07-10 19:23:46,94,Cycling,14.4,1041.0,167,145,0,16,79,5,0,false,,,
2020-07-09 01:52:09,2020-07-10 00:57:53,UTC-04:00,2020-07-09 15:21:18,2020-07-09 15:55:40,34,Cycling,8.1,304.0,169,135,2,63,31,4,0,false,,,
2020-07-09 01:52:09,2020-07-10 00:57:53,UTC-04:00,2020-07-09 13:47:45,2020-07-09 14:25:48,38,Functional Fitness,6.6,215.0,159,116,13,37,23,0,0,false,,,
2020-07-08 00:18:54,2020-07-09 01:52:09,UTC-04:00,2020-07-08 12:54:31,2020-07-08 14:04:10,69,Activity,8.3,372.0,155,117,34,39,14,0,0,false,,,
2020-07-06 01:38:52,2020-07-07 02:40:49,UTC-04:00,2020-07-06 18:22:59,2020-07-06 20:19:13,116,Cycling,15.1,1170.0,201,141,5,14,71,4,1,false,,,
2020-07-04 01:50:55,2020-07-05 02:53:20,UTC-04:00,2020-07-04 15:12:35,2020-07-04 17:55:56,163,Cycling,16.8,1563.0,170,134,4,17,63,12,0,false,,,
2020-07-01 00:24:12,2020-07-02 00:15:57,UTC-04:00,2020-07-01 16:12:49,2020-07-01 18:45:20,152,Cycling,16.5,1522.0,166,138,1,16,71,12,0,false,,,
2020-06-29 00:31:05,2020-06-29 23:58:21,UTC-04:00,2020-06-29 22:31:33,2020-06-29 23:07:48,36,Cycling,10.8,381.0,180,141,3,16,44,34,3,false,,,
2020-06-28 03:02:51,2020-06-29 00:31:05,UTC-04:00,2020-06-28 14:13:33,2020-06-28 16:11:48,118,Cycling,15.3,1195.0,164,139,0,14,75,11,0,false,,,
2020-06-27 03:05:36,2020-06-28 03:02:51,UTC-04:00,2020-06-27 20:25:09,2020-06-27 21:06:28,41,Cycling,8.4,309.0,164,126,14,38,45,3,0,false,,,
2020-06-27 03:05:36,2020-06-28 03:02:51,UTC-04:00,2020-06-27 17:25:03,2020-06-27 18:09:15,44,Activity,11.5,371.0,189,129,25,8,14,36,8,false,,,
2020-06-25 00:21:31,2020-06-26 00:31:59,UTC-04:00,2020-06-25 17:43:35,2020-06-25 19:20:29,96,Cycling,13.3,860.0,162,133,5,19,73,3,0,false,,,
2020-06-23 01:30:19,2020-06-24 00:53:06,UTC-04:00,2020-06-23 17:58:17,2020-06-23 20:49:03,170,Cycling,16.1,1418.0,166,130,12,16,54,12,0,false,,,
2020-06-21 03:31:10,2020-06-22 01:09:07,UTC-04:00,2020-06-21 15:49:36,2020-06-21 17:18:43,89,Cycling,14.0,879.0,166,138,4,15,67,14,0,false,,,
2020-06-20 02:34:46,2020-06-21 03:31:10,UTC-04:00,2020-06-20 15:11:57,2020-06-20 15:46:45,34,Cycling,11.2,393.0,170,144,3,1,54,40,0,false,,,
2020-06-16 22:33:23,2020-06-18 02:02:18,UTC-04:00,2020-06-17 17:01:21,2020-06-17 19:25:38,144,Cycling,14.8,1220.0,165,130,6,22,67,2,0,false,,,
2020-06-16 22:33:23,2020-06-18 02:02:18,UTC-04:00,2020-06-17 06:28:32,2020-06-17 07:29:57,61,Functional Fitness,11.8,466.0,178,126,22,37,15,20,2,false,,,
2020-06-12 00:57:26,2020-06-13 03:46:59,UTC-04:00,2020-06-12 15:14:53,2020-06-12 17:41:02,146,Cycling,17.7,1593.0,169,143,3,4,50,40,0,false,,,
2020-06-12 00:57:26,2020-06-13 03:46:59,UTC-04:00,2020-06-12 11:29:08,2020-06-12 11:58:17,29,Running,9.3,277.0,179,137,7,22,26,41,3,false,,,
2020-06-10 00:13:59,2020-06-11 01:40:31,UTC-04:00,2020-06-10 18:12:19,2020-06-10 19:50:20,98,Cycling,17.5,1255.0,180,153,0,5,27,62,6,false,,,
2020-06-10 00:13:59,2020-06-11 01:40:31,UTC-04:00,2020-06-10 17:26:21,2020-06-10 18:00:07,33,Functional Fitness,8.7,267.0,166,129,18,26,24,30,0,false,,,
2020-06-07 23:52:51,2020-06-08 23:50:50,UTC-04:00,2020-06-08 16:23:48,2020-06-08 17:13:46,49,Cycling,12.3,521.0,166,141,7,3,51,36,0,false,,,
2020-06-07 23:52:51,2020-06-08 23:50:50,UTC-04:00,2020-06-08 13:40:38,2020-06-08 15:52:10,131,Cycling,14.0,964.0,166,126,19,25,40,11,0,false,,,
2020-06-06 01:23:09,2020-06-07 01:15:05,UTC-04:00,2020-06-06 08:42:51,2020-06-06 10:40:43,117,Cycling,15.7,1081.0,169,134,12,21,27,37,0,false,,,
2020-06-05 01:46:08,2020-06-06 01:23:09,UTC-04:00,2020-06-05 18:10:34,2020-06-05 19:08:44,58,Cycling,8.4,337.0,168,118,24,34,30,3,0,false,,,
2020-06-04 01:40:20,2020-06-05 01:46:08,UTC-04:00,2020-06-04 15:22:33,2020-06-04 16:26:07,63,Cycling,12.9,573.0,179,134,10,14,30,32,4,false,,,
2020-06-03 02:29:22,2020-06-04 01:40:20,UTC-04:00,2020-06-03 18:49:55,2020-06-03 19:27:00,37,Cycling,9.3,305.0,172,131,13,28,25,33,0,false,,,
2020-06-02 00:17:35,2020-06-03 02:29:22,UTC-04:00,2020-06-02 17:02:03,2020-06-02 18:30:55,88,Cycling,16.5,1106.0,178,151,1,4,27,66,2,false,,,
2020-05-25 23:21:34,2020-05-27 00:27:29,UTC-04:00,2020-05-26 18:14:20,2020-05-26 18:58:18,43,Running,13.8,587.0,166,154,0,1,13,86,0,false,,,
2020-05-25 00:00:36,2020-05-25 23:21:34,UTC-04:00,2020-05-25 16:31:58,2020-05-25 18:07:10,95,Activity,10.6,519.0,174,116,31,41,12,9,0,false,,,
2020-05-23 03:07:11,2020-05-24 00:07:45,UTC-04:00,2020-05-23 18:15:21,2020-05-23 19:41:46,86,Cycling,11.3,514.0,182,118,30,42,14,4,3,false,,,
2020-05-23 03:07:11,2020-05-24 00:07:45,UTC-04:00,2020-05-23 12:56:16,2020-05-23 13:27:22,31,Cycling,9.8,335.0,164,142,0,8,75,17,0,false,,,
2020-05-16 02:59:32,2020-05-17 04:43:40,UTC-04:00,2020-05-16 19:14:32,2020-05-16 19:42:02,27,Cycling,8.6,272.0,163,138,2,16,66,16,0,false,,,
2020-05-16 02:59:32,2020-05-17 04:43:40,UTC-04:00,2020-05-16 17:37:23,2020-05-16 18:49:08,71,Cycling,13.4,732.0,166,139,5,6,74,15,0,false,,,
2020-05-15 00:52:18,2020-05-16 02:59:32,UTC-04:00,2020-05-15 16:52:06,2020-05-15 17:32:36,40,Running,10.6,354.0,181,131,11,21,25,32,4,false,,,
2020-05-14 00:09:54,2020-05-15 00:52:18,UTC-04:00,2020-05-14 17:54:48,2020-05-14 18:45:11,50,Running,14.7,659.0,176,154,3,8,7,81,1,false,,,
2020-05-13 00:07:08,2020-05-14 00:09:54,UTC-04:00,2020-05-13 17:21:12,2020-05-13 17:58:13,37,Running,10.4,364.0,175,139,3,22,40,33,2,false,,,
2020-05-11 23:36:57,2020-05-13 00:07:08,UTC-04:00,2020-05-12 18:12:14,2020-05-12 18:57:30,45,Running,14.7,644.0,174,159,0,0,5,94,1,false,,,
2020-05-09 01:33:18,2020-05-10 01:19:57,UTC-04:00,2020-05-09 17:14:19,2020-05-09 18:49:28,95,Cycling,14.8,991.0,167,141,3,10,66,21,0,false,,,
2020-05-05 00:37:27,2020-05-05 23:56:24,UTC-04:00,2020-05-05 18:19:38,2020-05-05 19:02:25,42,Running,13.4,556.0,170,153,0,0,23,77,0,false,,,
2020-05-02 04:30:15,2020-05-03 05:03:37,UTC-04:00,2020-05-02 23:32:35,2020-05-03 00:05:24,32,Cycling,10.5,345.0,174,141,1,16,38,41,2,false,,,
2020-05-02 04:30:15,2020-05-03 05:03:37,UTC-04:00,2020-05-02 16:25:50,2020-05-02 16:47:46,21,Cycling,7.7,200.0,170,134,4,38,40,18,0,false,,,
2020-05-01 00:45:00,2020-05-02 04:30:15,UTC-04:00,2020-05-01 16:59:33,2020-05-01 17:44:04,44,Running,8.4,273.0,172,117,19,22,29,16,0,false,,,
2020-04-30 00:11:54,2020-05-01 00:45:00,UTC-04:00,2020-04-30 18:03:39,2020-04-30 18:48:11,44,Running,13.1,556.0,167,151,0,0,36,64,0,false,,,
2020-04-29 00:07:06,2020-04-30 00:11:54,UTC-04:00,2020-04-29 18:29:59,2020-04-29 19:12:40,42,Running,9.2,290.0,172,121,21,15,22,29,0,false,,,
2020-04-28 01:05:29,2020-04-29 00:07:06,UTC-04:00,2020-04-28 17:49:15,2020-04-28 18:33:42,44,Running,13.8,594.0,178,155,0,1,20,76,3,false,,,
2020-04-27 00:14:35,2020-04-28 01:05:29,UTC-04:00,2020-04-27 17:55:42,2020-04-27 18:20:52,25,Running,10.9,327.0,166,153,0,0,20,80,0,false,,,
2020-04-27 00:14:35,2020-04-28 01:05:29,UTC-04:00,2020-04-27 16:18:00,2020-04-27 17:53:00,95,Weightlifting,5.4,198.0,136,91,45,12,0,0,0,false,,,
2020-04-24 01:07:07,2020-04-24 23:56:36,UTC-04:00,2020-04-24 16:45:12,2020-04-24 18:46:21,121,Activity,15.9,1156.0,173,137,10,18,38,33,0,false,,,
2020-04-22 23:56:36,2020-04-24 01:07:07,UTC-04:00,2020-04-23 18:08:12,2020-04-23 18:51:40,43,Activity,14.3,612.0,173,159,0,0,3,97,0,false,,,
2020-04-22 23:56:36,2020-04-24 01:07:07,UTC-04:00,2020-04-23 17:01:31,2020-04-23 18:05:38,64,Weightlifting,4.9,139.0,153,95,28,11,5,0,0,false,,,
2020-04-21 23:54:27,2020-04-22 23:56:36,UTC-04:00,2020-04-22 18:18:50,2020-04-22 19:00:41,41,Running,9.3,322.0,174,128,10,26,34,23,1,false,,,
2020-04-21 23:54:27,2020-04-22 23:56:36,UTC-04:00,2020-04-22 16:55:00,2020-04-22 18:11:00,76,Weightlifting,4.5,122.0,132,90,43,6,0,0,0,false,,,
2020-04-20 23:19:08,2020-04-21 23:54:27,UTC-04:00,2020-04-21 17:37:42,2020-04-21 18:21:47,44,Activity,14.4,616.0,174,158,1,0,5,94,0,false,,,
2020-04-20 23:19:08,2020-04-21 23:54:27,UTC-04:00,2020-04-21 16:37:00,2020-04-21 17:12:00,35,Weightlifting,5.6,136.0,150,111,53,30,14,0,0,false,,,
2020-04-20 00:33:09,2020-04-20 23:19:08,UTC-04:00,2020-04-20 18:27:00,2020-04-20 18:55:00,28,Running,10.7,273.0,173,138,23,10,4,56,1,false,,,
2020-04-20 00:33:09,2020-04-20 23:19:08,UTC-04:00,2020-04-20 16:50:00,2020-04-20 18:00:00,70,Weightlifting,4.7,131.0,131,90,28,12,0,0,0,false,,,
2020-04-18 03:31:23,2020-04-19 01:40:19,UTC-04:00,2020-04-18 18:18:16,2020-04-18 19:04:44,46,Running,13.7,589.0,168,152,3,3,15,79,0,false,,,
2020-04-17 00:21:01,2020-04-18 03:31:23,UTC-04:00,2020-04-17 18:04:00,2020-04-17 18:53:00,49,Weightlifting,5.1,129.0,147,102,58,24,2,0,0,false,,,
2020-04-17 00:21:01,2020-04-18 03:31:23,UTC-04:00,2020-04-17 16:57:28,2020-04-17 17:52:13,54,Running,10.2,381.0,181,124,17,35,19,19,3,false,,,
2020-04-16 00:10:09,2020-04-17 00:21:01,UTC-04:00,2020-04-16 18:16:21,2020-04-16 19:01:22,45,Running,15.2,666.0,178,162,0,1,3,93,3,false,,,
2020-04-16 00:10:09,2020-04-17 00:21:01,UTC-04:00,2020-04-16 17:03:00,2020-04-16 17:55:00,52,Weightlifting,5.7,168.0,154,104,44,25,7,0,0,false,,,
2020-04-15 00:22:12,2020-04-16 00:10:09,UTC-04:00,2020-04-15 16:58:56,2020-04-15 17:34:04,35,Activity,8.0,218.0,179,119,18,25,19,21,2,false,,,
2020-04-15 00:22:12,2020-04-16 00:10:09,UTC-04:00,2020-04-15 16:08:00,2020-04-15 16:53:00,45,Weightlifting,5.1,120.0,136,102,53,26,0,0,0,false,,,
2020-04-14 00:50:32,2020-04-15 00:22:12,UTC-04:00,2020-04-14 17:59:22,2020-04-14 18:46:47,47,Running,14.8,656.0,173,158,2,3,4,91,0,false,,,
2020-04-14 00:50:32,2020-04-15 00:22:12,UTC-04:00,2020-04-14 17:03:00,2020-04-14 17:45:00,42,Weightlifting,5.5,139.0,147,106,61,21,8,0,0,false,,,
2020-04-12 00:19:16,2020-04-12 23:21:33,UTC-04:00,2020-04-12 07:57:09,2020-04-12 08:38:29,41,Hiking,9.1,363.0,156,133,0,40,58,2,0,false,,,
2020-04-11 01:20:56,2020-04-12 00:19:16,UTC-04:00,2020-04-11 19:04:29,2020-04-11 20:27:55,83,Hiking,15.4,930.0,181,144,5,10,45,39,1,false,,,
2020-04-11 01:20:56,2020-04-12 00:19:16,UTC-04:00,2020-04-11 11:18:57,2020-04-11 12:00:00,41,Hiking,8.3,326.0,153,129,3,46,51,0,0,false,,,
2020-04-07 23:53:28,2020-04-09 00:32:43,UTC-04:00,2020-04-08 17:22:30,2020-04-08 18:12:06,49,Running,14.9,686.0,175,157,0,2,6,92,0,false,,,
2020-04-06 00:26:16,2020-04-07 00:01:11,UTC-04:00,2020-04-06 17:39:12,2020-04-06 18:25:52,46,Running,15.1,659.0,182,158,1,3,6,80,10,false,,,
2020-04-04 02:00:50,2020-04-05 02:49:18,UTC-04:00,2020-04-04 17:30:37,2020-04-04 19:15:21,104,Cycling,17.6,1327.0,178,151,1,3,30,63,3,false,,,
2020-04-02 00:37:34,2020-04-03 00:32:59,UTC-04:00,2020-04-02 18:01:46,2020-04-02 19:12:03,70,Cycling,12.9,641.0,181,133,9,20,48,19,1,false,,,
2020-03-31 23:54:36,2020-04-02 00:37:34,UTC-04:00,2020-04-01 17:42:34,2020-04-01 19:26:24,103,Cycling,15.1,948.0,177,133,11,25,25,33,1,false,,,
2020-03-28 02:30:03,2020-03-29 01:04:45,UTC-04:00,2020-03-28 17:36:05,2020-03-28 18:18:12,42,Activity,10.0,386.0,161,133,6,25,60,9,0,false,,,
2020-03-27 02:09:46,2020-03-28 02:30:03,UTC-04:00,2020-03-27 23:05:19,2020-03-27 23:23:36,18,Cycling,8.5,191.0,177,139,6,27,20,37,7,false,,,
2020-03-26 00:15:41,2020-03-27 02:09:46,UTC-04:00,2020-03-26 16:15:02,2020-03-26 17:25:08,70,Cycling,15.4,774.0,184,142,9,22,13,39,15,false,,,
2020-03-22 01:52:16,2020-03-22 23:05:14,UTC-04:00,2020-03-22 14:10:56,2020-03-22 15:02:38,51,Cycling,12.8,564.0,174,142,5,5,59,31,0,false,,,
2020-03-20 00:48:43,2020-03-21 03:00:41,UTC-04:00,2020-03-20 15:59:34,2020-03-20 16:17:33,17,Weightlifting,4.2,34.0,118,94,61,0,0,0,0,false,,,
2020-03-19 00:17:07,2020-03-20 00:48:43,UTC-04:00,2020-03-19 16:52:14,2020-03-19 17:23:43,31,Weightlifting,5.2,107.0,148,103,48,15,10,0,0,false,,,
2020-03-17 23:36:11,2020-03-19 00:17:07,UTC-04:00,2020-03-18 13:36:09,2020-03-18 14:36:12,60,Cycling,9.6,440.0,150,125,10,42,44,0,0,true,3274.06,240.90,-4.04
2020-03-16 23:12:08,2020-03-17 23:36:11,UTC-04:00,2020-03-17 14:00:45,2020-03-17 14:45:37,44,Weightlifting,4.7,98.0,143,92,36,13,1,0,0,false,,,
2020-03-15 23:36:29,2020-03-16 23:12:08,UTC-04:00,2020-03-16 18:34:54,2020-03-16 19:42:50,67,Weightlifting,7.6,323.0,150,111,30,50,9,0,0,false,,,
2020-03-14 02:30:00,2020-03-15 00:05:25,UTC-04:00,2020-03-14 13:27:39,2020-03-14 14:12:06,44,Running,11.6,479.0,161,142,0,10,68,22,0,false,,,
2020-03-12 23:28:12,2020-03-14 02:30:00,UTC-04:00,2020-03-13 18:45:00,2020-03-13 19:18:49,33,Weightlifting,4.1,49.0,122,89,31,2,0,0,0,false,,,
2020-03-12 23:28:12,2020-03-14 02:30:00,UTC-04:00,2020-03-13 17:26:11,2020-03-13 18:06:55,40,Running,9.4,302.0,177,125,24,40,10,23,2,false,,,
2020-03-11 22:56:04,2020-03-12 23:28:12,UTC-04:00,2020-03-12 19:02:49,2020-03-12 19:13:06,10,Weightlifting,4.6,52.0,140,114,34,57,8,0,0,false,,,
2020-03-11 22:56:04,2020-03-12 23:28:12,UTC-04:00,2020-03-12 17:47:50,2020-03-12 18:37:34,49,Running,11.0,483.0,159,136,2,13,82,2,0,false,,,
2020-03-10 22:24:21,2020-03-11 22:56:04,UTC-04:00,2020-03-11 19:05:51,2020-03-11 19:42:06,36,Weightlifting,4.7,87.0,136,98,54,17,0,0,0,false,,,
2020-03-10 22:24:21,2020-03-11 22:56:04,UTC-04:00,2020-03-11 17:50:00,2020-03-11 18:35:00,45,Running,8.3,304.0,172,121,12,49,23,11,0,false,,,
2020-03-09 22:49:09,2020-03-10 22:24:21,UTC-04:00,2020-03-10 19:01:13,2020-03-10 19:11:29,10,Weightlifting,4.6,54.0,147,115,29,55,13,0,0,false,,,
2020-03-09 22:49:09,2020-03-10 22:24:21,UTC-04:00,2020-03-10 17:50:17,2020-03-10 18:35:48,45,Running,12.5,532.0,164,146,0,2,62,36,0,false,,,
2020-03-08 22:36:00,2020-03-09 22:49:09,UTC-04:00,2020-03-09 18:44:47,2020-03-09 19:31:03,46,Weightlifting,6.3,206.0,150,109,37,42,9,0,0,false,,,
2020-03-08 22:36:00,2020-03-09 22:49:09,UTC-04:00,2020-03-09 17:58:36,2020-03-09 18:22:46,24,Running,12.2,345.0,185,159,0,1,6,79,14,false,,,
2020-03-08 01:58:56,2020-03-08 22:36:00,UTC-04:00,2020-03-08 14:16:22,2020-03-08 15:01:46,45,Cycling,4.8,103.0,132,99,72,10,0,0,0,false,,,
2020-03-05 22:51:05,2020-03-07 00:42:43,UTC-05:00,2020-03-06 18:29:53,2020-03-06 19:05:19,35,Weightlifting,4.6,78.0,143,94,43,14,1,0,0,false,,,
2020-03-05 22:51:05,2020-03-07 00:42:43,UTC-05:00,2020-03-06 17:27:43,2020-03-06 18:11:43,44,Running,9.6,345.0,182,126,11,32,36,15,1,false,,,
2020-03-04 23:07:07,2020-03-05 22:51:05,UTC-05:00,2020-03-05 18:51:00,2020-03-05 19:06:00,15,Weightlifting,4.4,48.0,135,102,47,36,0,0,0,false,,,
2020-03-04 23:07:07,2020-03-05 22:51:05,UTC-05:00,2020-03-05 17:40:34,2020-03-05 18:30:00,49,Running,11.8,511.0,166,139,1,6,77,14,0,false,,,
2020-03-03 23:24:01,2020-03-04 23:07:07,UTC-05:00,2020-03-04 18:51:40,2020-03-04 19:30:04,38,Weightlifting,4.7,88.0,125,95,55,11,0,0,0,false,,,
2020-03-03 23:24:01,2020-03-04 23:07:07,UTC-05:00,2020-03-04 17:45:00,2020-03-04 18:42:00,57,Running,9.0,323.0,169,112,28,20,17,15,0,false,,,
2020-03-02 23:00:33,2020-03-03 23:24:01,UTC-05:00,2020-03-03 18:57:55,2020-03-03 19:26:49,28,Weightlifting,5.1,101.0,136,105,63,33,0,0,0,false,,,
2020-03-02 23:00:33,2020-03-03 23:24:01,UTC-05:00,2020-03-03 17:51:06,2020-03-03 18:39:25,48,Running,13.2,573.0,168,146,1,3,37,57,0,true,7633.99,160.15,0.85
2020-03-02 00:00:00,2020-03-02 23:00:33,UTC-05:00,2020-03-02 18:25:00,2020-03-02 19:30:00,65,Weightlifting,5.6,177.0,152,97,41,20,4,0,0,false,,,
2020-03-02 00:00:00,2020-03-02 23:00:33,UTC-05:00,2020-03-02 17:47:00,2020-03-02 18:10:00,23,Running,11.4,320.0,183,157,0,0,16,79,5,false,,,
